t,est_x,est_y,est_yaw_deg,est_wx,est_wy,true_x,true_y,true_yaw_deg,wp_x,wp_y,cmd_v,cmd_w,travelled,est_true_gap,pose_quality,chamfer_cm
0.0,0.0119,-0.0072,-0.68,1.2662,0.0264,1.2539,0.0328,3.68,3.748,-0.274,0.8,-0.071,0.0,0.0139,0.6804,nan
0.051,0.0119,-0.0072,-0.68,1.2662,0.0264,1.2541,0.0328,3.67,3.748,-0.274,0.8,-0.071,0.0003,0.0137,0.6804,nan
0.102,0.0209,-0.0141,-0.67,1.2756,0.0201,1.2577,0.0331,3.68,3.748,-0.274,0.8,-0.069,0.0038,0.0221,0.6696,0.0
0.153,0.0209,-0.0141,-0.67,1.2756,0.0201,1.2661,0.0336,3.66,3.748,-0.274,0.8,-0.069,0.0123,0.0165,0.6696,0.0
0.204,0.0209,-0.0141,-0.67,1.2756,0.0201,1.2796,0.0345,3.64,3.748,-0.274,0.8,-0.069,0.0257,0.0149,0.6696,0.0
0.255,0.0295,-0.0436,-0.65,1.2861,-0.0088,1.298,0.0356,3.6,3.748,-0.274,0.8,-0.061,0.0442,0.046,0.606,0.0
0.306,0.0422,-0.0264,-0.71,1.2976,0.0092,1.3214,0.0371,3.55,3.748,-0.274,0.8,-0.065,0.0677,0.0366,0.6176,12.312
0.357,0.0422,-0.0264,-0.71,1.2976,0.0092,1.3498,0.0388,3.48,3.748,-0.274,0.8,-0.065,0.0961,0.06,0.6176,12.312
0.408,0.0422,-0.0264,-0.71,1.2976,0.0092,1.3832,0.0408,3.39,3.748,-0.274,0.8,-0.065,0.1296,0.0912,0.6176,12.312
0.46,0.0756,-0.0098,-0.8,1.3299,0.0279,1.4214,0.0431,3.27,3.748,-0.274,0.8,-0.069,0.1679,0.0927,0.5816,12.312
0.511,0.0756,-0.0098,-0.8,1.3299,0.0279,1.4347,0.0438,3.22,3.748,-0.274,0.8,-0.069,0.1811,0.106,0.5816,12.312
0.561,0.1398,-0.0052,-0.9,1.3937,0.0366,1.4613,0.0453,3.12,3.748,-0.274,0.8,-0.07,0.2078,0.0681,0.4924,12.312
0.612,0.1398,-0.0052,-0.9,1.3937,0.0366,1.5013,0.0474,2.95,3.748,-0.274,0.8,-0.07,0.2479,0.1081,0.4924,12.312
0.663,0.1398,-0.0052,-0.9,1.3937,0.0366,1.5413,0.0494,2.78,3.748,-0.274,0.8,-0.07,0.2879,0.1482,0.4924,12.312
0.714,0.2222,0.0104,-1.13,1.475,0.0575,1.5813,0.0512,2.58,3.748,-0.274,0.8,-0.073,0.328,0.1066,0.3712,12.312
0.765,0.2222,0.0104,-1.13,1.475,0.0575,1.6214,0.0529,2.38,3.748,-0.274,0.8,-0.073,0.368,0.1465,0.3712,12.312
0.816,0.2222,0.0104,-1.13,1.475,0.0575,1.6614,0.0545,2.16,3.748,-0.274,0.8,-0.073,0.4081,0.1864,0.3712,12.312
0.867,0.2222,0.0104,-1.13,1.475,0.0575,1.7014,0.0559,1.93,3.748,-0.274,0.8,-0.073,0.4481,0.2265,0.3712,12.312
0.917,0.2222,0.0104,-1.13,1.475,0.0575,1.7415,0.0571,1.68,3.748,-0.274,0.8,-0.073,0.4882,0.2665,0.3712,12.312
0.968,0.2222,0.0104,-1.13,1.475,0.0575,1.7815,0.0582,1.43,3.748,-0.274,0.8,-0.073,0.5282,0.3065,0.3712,12.312
1.019,0.2222,0.0104,-1.13,1.475,0.0575,1.8216,0.059,1.17,3.748,-0.274,0.8,-0.073,0.5683,0.3466,0.3712,12.312
1.07,0.2222,0.0104,-1.13,1.475,0.0575,1.8616,0.0597,0.9,3.748,-0.274,0.8,-0.073,0.6083,0.3866,0.3712,12.312
1.121,0.2222,0.0104,-1.13,1.475,0.0575,1.9017,0.0602,0.63,3.748,-0.274,0.8,-0.073,0.6484,0.4267,0.3712,12.312
1.171,0.2222,0.0104,-1.13,1.475,0.0575,1.9417,0.0606,0.35,3.748,-0.274,0.8,-0.073,0.6884,0.4668,0.3712,12.312
1.222,0.2222,0.0104,-1.13,1.475,0.0575,1.9818,0.0607,0.06,3.748,-0.274,0.8,-0.073,0.7284,0.5068,0.3712,12.312
1.273,0.2222,0.0104,-1.13,1.475,0.0575,2.0218,0.0606,-0.23,3.748,-0.274,0.8,-0.073,0.7685,0.5469,0.3712,12.312
1.324,0.2222,0.0104,-1.13,1.475,0.0575,2.0619,0.0603,-0.52,3.748,-0.274,0.8,-0.073,0.8085,0.5869,0.3712,12.312
1.374,0.2222,0.0104,-1.13,1.475,0.0575,2.1019,0.0598,-0.82,3.748,-0.274,0.8,-0.073,0.8485,0.627,0.3712,12.312
1.425,0.2222,0.0104,-1.13,1.475,0.0575,2.142,0.059,-1.12,3.748,-0.274,0.8,-0.073,0.8885,0.667,0.3712,12.312
1.476,0.2222,0.0104,-1.13,1.475,0.0575,2.182,0.0581,-1.42,3.748,-0.274,0.8,-0.073,0.9285,0.707,0.3712,12.312
1.527,0.2222,0.0104,-1.13,1.475,0.0575,2.222,0.057,-1.73,3.748,-0.274,0.8,-0.073,0.9685,0.7471,0.3712,12.312
2.327,0.2222,0.0104,-1.13,1.475,0.0575,2.4553,0.0465,-3.18,3.748,-0.274,0.0,0.0,0.9685,0.7471,0.3712,12.312
