t,wp,est_x,est_y,est_yaw,true_x,true_y,true_yaw,est_true_gap,dist_to_wp,bearing_err_deg,state
24.95,0,0.0022,-0.0,-0.0,0.0686,-0.0,-0.01,0.0663,3.9978,0.0,ALIGN
25.0,0,0.0022,-0.0,-0.0,0.0688,-0.0,-0.01,0.0666,3.9978,0.0,DRIVE
25.05,0,0.0022,-0.0,-0.0,0.0707,-0.0,-0.01,0.0684,3.9978,0.0,DRIVE
25.1,0,0.0022,-0.0,-0.0,0.0775,-0.0,-0.02,0.0753,3.9978,0.0,DRIVE
25.15,0,0.0022,-0.0,-0.0,0.0848,-0.0,-0.02,0.0826,3.9978,0.0,DRIVE
25.2,0,0.0022,-0.0,-0.0,0.0943,-0.0,-0.02,0.0921,3.9978,0.0,DRIVE
25.25,0,0.0022,-0.0,-0.0,0.0999,-0.0,-0.02,0.0977,3.9978,0.0,DRIVE
25.3,0,0.0022,-0.0,-0.0,0.1201,-0.0,-0.03,0.1178,3.9978,0.0,DRIVE
25.35,0,0.0193,0.0035,-0.04,0.1452,-0.0,-0.04,0.1259,3.9807,-0.01,DRIVE
25.4,0,0.0193,0.0035,-0.04,0.1753,-0.0001,-0.05,0.1561,3.9807,-0.01,DRIVE
25.451,0,0.0539,0.007,-0.08,0.2105,-0.0001,-0.08,0.1567,3.9461,-0.02,DRIVE
25.5,0,0.0539,0.007,-0.08,0.2364,-0.0002,-0.08,0.1827,3.9461,-0.02,DRIVE
25.55,0,0.0539,0.007,-0.08,0.2364,-0.0002,-0.08,0.1827,3.9461,-0.02,DRIVE
25.6,0,0.1099,0.0097,-0.13,0.2631,-0.0002,-0.1,0.1535,3.8901,-0.01,DRIVE
25.65,0,0.1099,0.0097,-0.13,0.2631,-0.0002,-0.1,0.1535,3.8901,-0.01,DRIVE
25.7,0,0.1099,0.0097,-0.13,0.3031,-0.0003,-0.12,0.1934,3.8901,-0.01,DRIVE
25.75,0,0.1824,0.0108,-0.19,0.3432,-0.0004,-0.14,0.1612,3.8176,0.03,DRIVE
25.8,0,0.1824,0.0108,-0.19,0.3832,-0.0005,-0.16,0.2011,3.8176,0.03,DRIVE
25.85,0,0.1824,0.0108,-0.19,0.4233,-0.0006,-0.17,0.2411,3.8176,0.03,DRIVE
25.9,0,0.2622,0.0109,-0.23,0.4366,-0.0007,-0.18,0.1748,3.7378,0.06,DRIVE
25.95,0,0.2622,0.0109,-0.23,0.45,-0.0007,-0.18,0.1881,3.7378,0.06,DRIVE
26.0,0,0.2622,0.0109,-0.23,0.49,-0.0008,-0.19,0.2281,3.7378,0.06,DRIVE
26.05,0,0.3446,0.0069,-0.23,0.5301,-0.001,-0.21,0.1857,3.6554,0.13,DRIVE
26.1,0,0.3446,0.0069,-0.23,0.5701,-0.0011,-0.22,0.2257,3.6554,0.13,DRIVE
26.15,0,0.4231,0.01,-0.29,0.5835,-0.0012,-0.22,0.1608,3.5769,0.13,DRIVE
26.2,0,0.4231,0.01,-0.29,0.5968,-0.0012,-0.22,0.1741,3.5769,0.13,DRIVE
26.25,0,0.4231,0.01,-0.29,0.6369,-0.0014,-0.23,0.2141,3.5769,0.13,DRIVE
26.3,0,0.5048,0.0062,-0.28,0.6769,-0.0016,-0.23,0.1723,3.4952,0.18,DRIVE
26.35,0,0.5048,0.0062,-0.28,0.717,-0.0017,-0.23,0.2123,3.4952,0.18,DRIVE
26.4,0,0.5048,0.0062,-0.28,0.757,-0.0019,-0.23,0.2524,3.4952,0.18,DRIVE
26.45,0,0.5832,0.0072,-0.31,0.757,-0.0019,-0.23,0.174,3.4168,0.19,DRIVE
26.5,0,0.5832,0.0072,-0.31,0.7837,-0.002,-0.23,0.2007,3.4168,0.19,DRIVE
26.55,0,0.5832,0.0072,-0.31,0.8238,-0.0022,-0.23,0.2407,3.4168,0.19,DRIVE
26.6,0,0.5832,0.0072,-0.31,0.8505,-0.0023,-0.23,0.2674,3.4168,0.19,DRIVE
26.65,0,0.5832,0.0072,-0.31,0.8505,-0.0023,-0.23,0.2674,3.4168,0.19,DRIVE
26.7,0,0.7439,0.0053,-0.31,0.8905,-0.0024,-0.23,0.1468,3.2561,0.22,DRIVE
26.75,0,0.7439,0.0053,-0.31,0.9439,-0.0027,-0.23,0.2002,3.2561,0.22,DRIVE
26.8,0,0.7439,0.0053,-0.31,0.9707,-0.0028,-0.22,0.2269,3.2561,0.22,DRIVE
26.85,0,0.7439,0.0053,-0.31,1.0241,-0.003,-0.21,0.2802,3.2561,0.22,DRIVE
26.9,0,0.7439,0.0053,-0.31,1.0508,-0.0031,-0.2,0.3069,3.2561,0.22,DRIVE
26.95,0,0.904,0.0039,-0.29,1.0641,-0.0031,-0.2,0.1602,3.096,0.22,DRIVE
27.0,0,0.904,0.0039,-0.29,1.0775,-0.0032,-0.19,0.1736,3.096,0.22,DRIVE
27.05,0,0.904,0.0039,-0.29,1.1175,-0.0033,-0.18,0.2136,3.096,0.22,DRIVE
27.1,0,0.9845,0.0023,-0.27,1.1576,-0.0034,-0.17,0.1732,3.0155,0.22,DRIVE
27.15,0,0.9845,0.0023,-0.27,1.1976,-0.0035,-0.15,0.2132,3.0155,0.22,DRIVE
27.203,0,0.9845,0.0023,-0.27,1.211,-0.0036,-0.15,0.2266,3.0155,0.22,DRIVE
27.25,0,0.9845,0.0023,-0.27,1.251,-0.0037,-0.14,0.2666,3.0155,0.22,DRIVE
27.3,0,0.9845,0.0023,-0.27,1.2911,-0.0037,-0.12,0.3067,3.0155,0.22,DRIVE
27.352,0,0.9845,0.0023,-0.27,1.3311,-0.0038,-0.1,0.3467,3.0155,0.22,DRIVE
27.4,0,1.1442,0.0021,-0.22,1.3712,-0.0039,-0.08,0.227,2.8558,0.18,DRIVE
27.45,0,1.2246,0.0017,-0.19,1.4112,-0.0039,-0.05,0.1867,2.7754,0.15,DRIVE
27.5,0,1.2246,0.0017,-0.19,1.4379,-0.004,-0.05,0.2134,2.7754,0.15,DRIVE
27.55,0,1.2246,0.0017,-0.19,1.4379,-0.004,-0.05,0.2134,2.7754,0.15,DRIVE
27.6,0,1.2246,0.0017,-0.19,1.4646,-0.004,-0.03,0.2401,2.7754,0.15,DRIVE
27.65,0,1.3042,0.0016,-0.15,1.5047,-0.004,-0.02,0.2005,2.6958,0.11,DRIVE
27.7,0,1.3042,0.0016,-0.15,1.5447,-0.004,-0.0,0.2406,2.6958,0.11,DRIVE
27.75,0,1.3042,0.0016,-0.15,1.5848,-0.004,0.01,0.2806,2.6958,0.11,DRIVE
27.8,0,1.3042,0.0016,-0.15,1.6115,-0.004,0.02,0.3073,2.6958,0.11,DRIVE
27.85,0,1.466,0.0012,-0.07,1.6515,-0.004,0.04,0.1856,2.534,0.05,DRIVE
27.9,0,1.466,0.0012,-0.07,1.6649,-0.0039,0.05,0.199,2.534,0.05,DRIVE
27.95,0,1.466,0.0012,-0.07,1.6916,-0.0039,0.05,0.2257,2.534,0.05,DRIVE
28.0,0,1.5463,0.0013,-0.04,1.7183,-0.0039,0.07,0.172,2.4537,0.01,DRIVE
28.05,0,1.5463,0.0013,-0.04,1.7183,-0.0039,0.07,0.172,2.4537,0.01,DRIVE
28.1,0,1.5463,0.0013,-0.04,1.7583,-0.0038,0.08,0.2121,2.4537,0.01,DRIVE
28.15,0,1.6263,0.0011,-0.0,1.7984,-0.0038,0.1,0.1721,2.3737,-0.02,DRIVE
28.2,0,1.6263,0.0011,-0.0,1.8385,-0.0037,0.11,0.2122,2.3737,-0.02,DRIVE
28.25,0,1.6263,0.0011,-0.0,1.8385,-0.0037,0.11,0.2122,2.3737,-0.02,DRIVE
28.3,0,1.6263,0.0011,-0.0,1.8785,-0.0036,0.12,0.2522,2.3737,-0.02,DRIVE
28.35,0,1.6263,0.0011,-0.0,1.9186,-0.0035,0.14,0.2923,2.3737,-0.02,DRIVE
28.4,0,1.7871,0.0013,0.06,1.9586,-0.0034,0.15,0.1716,2.2129,-0.09,DRIVE
28.45,0,1.7871,0.0013,0.06,1.972,-0.0034,0.15,0.1849,2.2129,-0.09,DRIVE
28.5,0,1.7871,0.0013,0.06,1.9853,-0.0033,0.15,0.1982,2.2129,-0.09,DRIVE
28.55,0,1.8676,0.0013,0.08,2.012,-0.0033,0.16,0.1445,2.1324,-0.11,DRIVE
28.6,0,1.8676,0.0013,0.08,2.0254,-0.0032,0.16,0.1578,2.1324,-0.11,DRIVE
28.65,0,1.8676,0.0013,0.08,2.0654,-0.0031,0.17,0.1978,2.1324,-0.11,DRIVE
28.7,0,1.8676,0.0013,0.08,2.1055,-0.003,0.17,0.2379,2.1324,-0.11,DRIVE
28.75,0,1.8676,0.0013,0.08,2.1322,-0.0029,0.17,0.2646,2.1324,-0.11,DRIVE
28.8,0,1.8676,0.0013,0.08,2.1455,-0.0029,0.17,0.2779,2.1324,-0.11,DRIVE
28.85,0,1.8676,0.0013,0.08,2.1589,-0.0028,0.17,0.2913,2.1324,-0.11,DRIVE
28.9,0,1.8676,0.0013,0.08,2.2123,-0.0026,0.18,0.3447,2.1324,-0.11,DRIVE
28.95,0,1.8676,0.0013,0.08,2.2523,-0.0025,0.18,0.3847,2.1324,-0.11,DRIVE
29.0,0,2.1081,0.002,0.12,2.279,-0.0024,0.18,0.171,1.8919,-0.18,DRIVE
29.05,0,2.1081,0.002,0.12,2.3057,-0.0023,0.18,0.1977,1.8919,-0.18,DRIVE
29.1,0,2.1081,0.002,0.12,2.3191,-0.0023,0.18,0.211,1.8919,-0.18,DRIVE
29.15,0,2.1081,0.002,0.12,2.3324,-0.0023,0.18,0.2244,1.8919,-0.18,DRIVE
29.2,0,2.1888,0.002,0.13,2.3458,-0.0022,0.18,0.157,1.8112,-0.19,DRIVE
29.25,0,2.1888,0.002,0.13,2.3725,-0.0021,0.18,0.1837,1.8112,-0.19,DRIVE
29.3,0,2.1888,0.002,0.13,2.3859,-0.0021,0.18,0.1971,1.8112,-0.19,DRIVE
29.35,0,2.2688,0.0024,0.12,2.4259,-0.002,0.17,0.1572,1.7312,-0.2,DRIVE
29.4,0,2.2688,0.0024,0.12,2.4526,-0.0019,0.17,0.1839,1.7312,-0.2,DRIVE
29.45,0,2.2688,0.0024,0.12,2.4927,-0.0017,0.17,0.2239,1.7312,-0.2,DRIVE
29.5,0,2.2688,0.0024,0.12,2.5327,-0.0016,0.16,0.264,1.7312,-0.2,DRIVE
29.55,0,2.2688,0.0024,0.12,2.5728,-0.0015,0.15,0.304,1.7312,-0.2,DRIVE
29.6,0,2.4294,0.003,0.11,2.5861,-0.0015,0.15,0.1568,1.5706,-0.22,DRIVE
29.65,0,2.4294,0.003,0.11,2.5995,-0.0015,0.15,0.1701,1.5706,-0.22,DRIVE
29.7,0,2.4294,0.003,0.11,2.6395,-0.0013,0.14,0.2102,1.5706,-0.22,DRIVE
29.75,0,2.51,0.0029,0.09,2.6796,-0.0013,0.13,0.1696,1.49,-0.21,DRIVE
29.8,0,2.51,0.0029,0.09,2.693,-0.0012,0.12,0.183,1.49,-0.21,DRIVE
29.85,0,2.51,0.0029,0.09,2.7063,-0.0012,0.12,0.1963,1.49,-0.21,DRIVE
29.9,0,2.5901,0.0032,0.08,2.7063,-0.0012,0.12,0.1163,1.4099,-0.21,DRIVE
29.95,0,2.5901,0.0032,0.08,2.7464,-0.0011,0.11,0.1563,1.4099,-0.21,DRIVE
30.0,0,2.5901,0.0032,0.08,2.7731,-0.0011,0.1,0.183,1.4099,-0.21,DRIVE
30.05,0,2.5901,0.0032,0.08,2.7731,-0.0011,0.1,0.183,1.4099,-0.21,DRIVE
30.1,0,2.5901,0.0032,0.08,2.8131,-0.001,0.09,0.2231,1.4099,-0.21,DRIVE
30.15,0,2.5901,0.0032,0.08,2.8265,-0.001,0.08,0.2364,1.4099,-0.21,DRIVE
30.2,0,2.5901,0.0032,0.08,2.8532,-0.0009,0.07,0.2631,1.4099,-0.21,DRIVE
30.25,0,2.5901,0.0032,0.08,2.8932,-0.0009,0.06,0.3032,1.4099,-0.21,DRIVE
30.3,0,2.7507,0.0033,0.03,2.9333,-0.0008,0.05,0.1827,1.2493,-0.18,DRIVE
30.35,0,2.7507,0.0033,0.03,2.9466,-0.0008,0.04,0.196,1.2493,-0.18,DRIVE
30.4,0,2.7507,0.0033,0.03,2.9733,-0.0008,0.03,0.2227,1.2493,-0.18,DRIVE
30.45,0,2.8311,0.0036,0.0,3.0,-0.0008,0.02,0.169,1.1689,-0.18,DRIVE
30.5,0,2.8311,0.0036,0.0,3.0,-0.0008,0.02,0.169,1.1689,-0.18,DRIVE
30.55,0,2.8311,0.0036,0.0,3.0401,-0.0008,0.01,0.209,1.1689,-0.18,DRIVE
30.6,0,2.9112,0.0033,-0.03,3.0802,-0.0008,-0.01,0.169,1.0888,-0.14,DRIVE
30.65,0,2.9112,0.0033,-0.03,3.1202,-0.0008,-0.02,0.209,1.0888,-0.14,DRIVE
30.7,0,2.9112,0.0033,-0.03,3.1469,-0.0008,-0.03,0.2357,1.0888,-0.14,DRIVE
30.75,0,2.9915,0.0033,-0.06,3.187,-0.0009,-0.05,0.1955,1.0085,-0.13,DRIVE
30.8,0,2.9915,0.0033,-0.06,3.227,-0.0009,-0.06,0.2356,1.0085,-0.13,DRIVE
30.85,0,3.0717,0.0031,-0.09,3.2671,-0.001,-0.08,0.1955,0.9283,-0.1,DRIVE
30.9,0,3.0717,0.0031,-0.09,3.2938,-0.001,-0.08,0.2222,0.9283,-0.1,DRIVE
30.95,0,3.1518,0.0029,-0.13,3.3322,-0.0011,-0.1,0.1805,0.8482,-0.07,DRIVE
31.0,0,3.1518,0.0029,-0.13,3.3571,-0.0011,-0.12,0.2053,0.8482,-0.07,DRIVE
31.05,0,3.2316,0.0027,-0.16,3.3925,-0.0012,-0.12,0.1609,0.7684,-0.04,DRIVE
31.1,0,3.2316,0.0027,-0.16,3.4264,-0.0013,-0.14,0.1948,0.7684,-0.04,DRIVE
31.15,0,3.2316,0.0027,-0.16,3.4578,-0.0014,-0.15,0.2262,0.7684,-0.04,DRIVE
31.2,0,3.3068,0.0022,-0.18,3.4784,-0.0014,-0.15,0.1716,0.6932,-0.01,DRIVE
31.25,0,3.3068,0.0022,-0.18,3.5089,-0.0015,-0.16,0.2021,0.6932,-0.01,DRIVE
31.3,0,3.3751,0.0016,-0.19,3.5186,-0.0015,-0.16,0.1436,0.6249,0.04,DRIVE
31.35,0,3.3751,0.0016,-0.19,3.528,-0.0016,-0.17,0.153,0.6249,0.04,DRIVE
31.4,0,3.3751,0.0016,-0.19,3.5551,-0.0016,-0.17,0.18,0.6249,0.04,DRIVE
31.45,0,3.4371,0.0011,-0.2,3.5803,-0.0017,-0.18,0.1432,0.5629,0.09,DRIVE
31.5,0,3.4371,0.0011,-0.2,3.6052,-0.0018,-0.18,0.1681,0.5629,0.09,DRIVE
31.55,0,3.4932,0.0008,-0.21,3.6282,-0.0019,-0.18,0.135,0.5068,0.12,DRIVE
31.6,0,3.4932,0.0008,-0.21,3.6432,-0.0019,-0.18,0.15,0.5068,0.12,DRIVE
31.65,0,3.5432,0.0002,-0.21,3.6575,-0.002,-0.19,0.1144,0.4568,0.19,DRIVE
31.7,0,3.5432,0.0002,-0.21,3.6778,-0.002,-0.19,0.1346,0.4568,0.19,DRIVE
31.751,0,3.5432,0.0002,-0.21,3.6903,-0.0021,-0.19,0.1471,0.4568,0.19,DRIVE
31.8,0,3.5885,-0.0001,-0.21,3.7086,-0.0021,-0.19,0.1201,0.4115,0.22,DRIVE
31.85,0,3.5885,-0.0001,-0.21,3.7208,-0.0022,-0.19,0.1323,0.4115,0.22,DRIVE
31.9,0,3.6286,-0.0007,-0.21,3.7379,-0.0022,-0.18,0.1094,0.3714,0.31,DRIVE
31.95,0,3.6286,-0.0007,-0.21,3.7543,-0.0023,-0.18,0.1257,0.3714,0.31,DRIVE
32.0,0,3.6647,-0.0005,-0.21,3.7644,-0.0023,-0.17,0.0997,0.3353,0.29,DRIVE
32.05,0,3.6647,-0.0005,-0.21,3.7693,-0.0023,-0.17,0.1046,0.3353,0.29,DRIVE
32.1,0,3.6647,-0.0005,-0.21,3.7791,-0.0024,-0.17,0.1144,0.3353,0.29,DRIVE
32.152,0,3.6647,-0.0005,-0.21,3.7882,-0.0024,-0.17,0.1235,0.3353,0.29,DRIVE
32.2,0,3.6968,-0.0006,-0.19,3.8017,-0.0024,-0.16,0.1049,0.3032,0.3,DRIVE
32.25,0,3.6968,-0.0006,-0.19,3.815,-0.0025,-0.15,0.1182,0.3032,0.3,DRIVE
32.3,0,3.6968,-0.0006,-0.19,3.8232,-0.0025,-0.15,0.1265,0.3032,0.3,DRIVE
32.35,0,3.6968,-0.0006,-0.19,3.8273,-0.0025,-0.15,0.1306,0.3032,0.3,DRIVE
32.4,0,3.6968,-0.0006,-0.19,3.8395,-0.0025,-0.14,0.1427,0.3032,0.3,DRIVE
32.45,0,3.6968,-0.0006,-0.19,3.8517,-0.0026,-0.14,0.1549,0.3032,0.3,DRIVE
32.5,0,3.6968,-0.0006,-0.19,3.8598,-0.0026,-0.12,0.163,0.3032,0.3,DRIVE
32.55,0,3.7777,-0.0014,-0.15,3.872,-0.0026,-0.12,0.0943,0.2223,0.51,DRIVE
33.6,1,3.8367,-0.0026,-0.08,3.8976,-0.0027,-0.1,0.0609,2.5079,86.35,ALIGN
33.65,1,3.8367,-0.0026,-0.08,3.8976,-0.0027,-0.09,0.0609,2.5079,86.35,ALIGN
33.7,1,3.8364,-0.0023,-0.08,3.8977,-0.0026,-0.08,0.0612,2.5077,86.34,ALIGN
33.75,1,3.8364,-0.0023,-0.08,3.8977,-0.0026,0.04,0.0613,2.5077,86.34,ALIGN
33.8,1,3.8352,-0.0029,-0.06,3.8978,-0.0026,0.26,0.0626,2.5083,86.3,ALIGN
33.85,1,3.8352,-0.0029,-0.06,3.8979,-0.0026,0.85,0.0627,2.5083,86.3,ALIGN
33.9,1,3.8352,-0.0029,-0.06,3.8979,-0.0026,1.12,0.0627,2.5083,86.3,ALIGN
33.95,1,3.8352,-0.0029,-0.06,3.898,-0.0026,1.41,0.0628,2.5083,86.3,ALIGN
34.0,1,3.8124,-0.0044,0.23,3.898,-0.0026,1.41,0.0856,2.5114,85.48,ALIGN
34.05,1,3.8124,-0.0044,0.23,3.8982,-0.0026,2.37,0.0858,2.5114,85.48,ALIGN
34.1,1,3.8124,-0.0044,0.23,3.8985,-0.0026,3.38,0.0862,2.5114,85.48,ALIGN
34.15,1,3.7721,-0.0004,1.59,3.8987,-0.0026,3.73,0.1265,2.5107,83.2,ALIGN
34.2,1,3.7721,-0.0004,1.59,3.8989,-0.0026,4.45,0.1268,2.5107,83.2,ALIGN
34.25,1,3.7721,-0.0004,1.59,3.8993,-0.0025,5.18,0.1272,2.5107,83.2,ALIGN
34.3,1,3.7653,0.0031,3.57,3.8994,-0.0025,5.55,0.1342,2.5079,81.06,ALIGN
34.35,1,3.7653,0.0031,3.57,3.8998,-0.0025,6.32,0.1346,2.5079,81.06,ALIGN
34.4,1,3.7653,0.0031,3.57,3.9004,-0.0024,7.5,0.1352,2.5079,81.06,ALIGN
34.45,1,3.7551,0.0033,5.78,3.901,-0.0023,8.72,0.1461,2.5087,78.62,ALIGN
34.5,1,3.7551,0.0033,5.78,3.9016,-0.0022,9.99,0.1467,2.5087,78.62,ALIGN
34.55,1,3.7551,0.0033,5.78,3.902,-0.0021,10.85,0.1471,2.5087,78.62,ALIGN
34.6,1,3.7541,0.0041,8.11,3.9025,-0.002,12.17,0.1486,2.508,76.26,ALIGN
34.65,1,3.7541,0.0041,8.11,3.9028,-0.0019,13.06,0.1488,2.508,76.26,ALIGN
34.7,1,3.7486,0.0096,10.68,3.9032,-0.0018,14.42,0.155,2.5031,73.55,ALIGN
34.75,1,3.7486,0.0096,10.68,3.9032,-0.0018,14.42,0.155,2.5031,73.55,ALIGN
34.8,1,3.7486,0.0096,10.68,3.9034,-0.0017,15.8,0.1552,2.5031,73.55,ALIGN
34.85,1,3.7476,0.0102,13.33,3.9035,-0.0017,17.19,0.1564,2.5025,70.88,ALIGN
34.9,1,3.7476,0.0102,13.33,3.9035,-0.0017,18.11,0.1564,2.5025,70.88,ALIGN
34.95,1,3.7443,0.0128,16.11,3.9035,-0.0017,19.51,0.1598,2.5003,68.02,ALIGN
35.0,1,3.7443,0.0128,16.11,3.9033,-0.0018,20.9,0.1596,2.5003,68.02,ALIGN
35.05,1,3.7445,0.0134,18.89,3.9031,-0.0019,21.83,0.1594,2.4997,65.24,ALIGN
35.1,1,3.7445,0.0134,18.89,3.9028,-0.002,23.22,0.1591,2.4997,65.24,ALIGN
35.15,1,3.7445,0.0134,18.89,3.9025,-0.0021,24.6,0.1588,2.4997,65.24,ALIGN
35.2,1,3.7464,0.0147,21.68,3.9023,-0.0022,25.52,0.1568,2.4982,62.49,ALIGN
35.25,1,3.7464,0.0147,21.68,3.9019,-0.0024,26.89,0.1564,2.4982,62.49,ALIGN
35.3,1,3.7474,0.0118,24.45,3.9015,-0.0026,28.26,0.1548,2.501,59.75,ALIGN
35.35,1,3.7474,0.0118,24.45,3.9015,-0.0026,28.26,0.1548,2.501,59.75,ALIGN
35.4,1,3.7474,0.0118,24.45,3.9013,-0.0027,29.17,0.1545,2.501,59.75,ALIGN
35.45,1,3.7474,0.0118,24.45,3.9009,-0.003,30.54,0.1542,2.501,59.75,ALIGN
35.5,1,3.7474,0.0118,24.45,3.9005,-0.0032,31.9,0.1538,2.501,59.75,ALIGN
35.55,1,3.7504,0.0127,29.94,3.9,-0.0035,33.26,0.1505,2.4998,54.33,ALIGN
35.6,1,3.7504,0.0127,29.94,3.8996,-0.0037,34.61,0.1501,2.4998,54.33,ALIGN
35.65,1,3.7504,0.0127,29.94,3.8992,-0.004,35.97,0.1498,2.4998,54.33,ALIGN
35.7,1,3.7543,0.0099,32.68,3.8991,-0.0041,36.42,0.1454,2.5022,51.68,ALIGN
35.75,1,3.7543,0.0099,32.68,3.8989,-0.0042,36.87,0.1453,2.5022,51.68,ALIGN
35.8,1,3.754,0.0103,35.4,3.8985,-0.0045,38.22,0.1453,2.5018,48.95,ALIGN
35.85,1,3.754,0.0103,35.4,3.8981,-0.0049,39.58,0.1449,2.5018,48.95,ALIGN
35.9,1,3.7547,0.0089,38.12,3.8977,-0.0052,40.93,0.1438,2.5031,46.26,ALIGN
35.95,1,3.7547,0.0089,38.12,3.8973,-0.0055,42.28,0.1434,2.5031,46.26,ALIGN
36.0,1,3.7547,0.0089,38.12,3.8971,-0.0058,43.18,0.1432,2.5031,46.26,ALIGN
36.05,1,3.7583,0.0078,40.83,3.8967,-0.0061,44.53,0.1391,2.5039,43.63,ALIGN
36.1,1,3.7583,0.0078,40.83,3.8965,-0.0064,45.43,0.1389,2.5039,43.63,ALIGN
36.15,1,3.7653,0.0066,43.55,3.8961,-0.0068,46.78,0.1315,2.5044,41.07,ALIGN
36.2,1,3.7653,0.0066,43.55,3.8957,-0.0071,48.12,0.1312,2.5044,41.07,ALIGN
36.25,1,3.7653,0.0066,43.55,3.8955,-0.0074,49.02,0.131,2.5044,41.07,ALIGN
36.3,1,3.7638,0.0047,46.25,3.8952,-0.0078,50.37,0.132,2.5064,38.34,ALIGN
36.35,1,3.7638,0.0047,46.25,3.8948,-0.0082,51.72,0.1317,2.5064,38.34,ALIGN
36.4,1,3.7668,0.0033,48.96,3.8946,-0.0085,52.62,0.1283,2.5075,35.7,ALIGN
36.45,1,3.7668,0.0033,48.96,3.8944,-0.0088,53.52,0.1282,2.5075,35.7,ALIGN
36.5,1,3.7668,0.0019,51.66,3.8941,-0.0092,54.87,0.1278,2.5089,33.01,ALIGN
36.55,1,3.7668,0.0019,51.66,3.8938,-0.0096,56.21,0.1276,2.5089,33.01,ALIGN
36.6,1,3.7668,0.0019,51.66,3.8936,-0.0099,57.11,0.1274,2.5089,33.01,ALIGN
36.65,1,3.7651,0.0009,54.39,3.8936,-0.0099,57.11,0.1289,2.5101,30.24,ALIGN
36.7,1,3.7651,0.0009,54.39,3.8933,-0.0104,58.46,0.1287,2.5101,30.24,ALIGN
36.75,1,3.7651,0.0009,54.39,3.8933,-0.0104,58.46,0.1287,2.5101,30.24,ALIGN
36.8,1,3.7651,0.0009,54.39,3.8931,-0.0107,59.36,0.1286,2.5101,30.24,ALIGN
36.85,1,3.7642,0.0019,57.09,3.8929,-0.0111,60.71,0.1293,2.5092,27.52,ALIGN
36.9,1,3.7642,0.0019,57.09,3.8926,-0.0116,62.05,0.1291,2.5092,27.52,ALIGN
36.95,1,3.7628,0.0005,59.8,3.8924,-0.0121,63.4,0.1302,2.5108,24.78,ALIGN
37.0,1,3.7628,0.0005,59.8,3.8923,-0.0122,63.85,0.1301,2.5108,24.78,DRIVE
37.05,1,3.7628,0.0005,59.8,3.8922,-0.0124,64.75,0.1301,2.5108,24.78,DRIVE
37.1,1,3.7613,-0.0011,62.5,3.8933,-0.0101,66.08,0.1323,2.5125,22.04,DRIVE
37.15,1,3.7613,-0.0011,62.5,3.8949,-0.0063,66.96,0.1337,2.5125,22.04,DRIVE
37.2,1,3.762,-0.0017,65.2,3.8989,0.0035,68.32,0.137,2.513,19.37,DRIVE
37.25,1,3.762,-0.0017,65.2,3.9044,0.018,69.75,0.1438,2.513,19.37,DRIVE
37.3,1,3.762,-0.0017,65.2,3.9088,0.0303,70.73,0.1503,2.513,19.37,DRIVE
37.35,1,3.7639,0.0103,67.87,3.9161,0.0528,72.29,0.1581,2.5009,16.71,DRIVE
37.4,1,3.7639,0.0103,67.87,3.9215,0.0705,73.4,0.1688,2.5009,16.71,DRIVE
37.45,1,3.7757,0.037,70.65,3.9299,0.1009,75.15,0.1669,2.4732,14.15,DRIVE
37.5,1,3.7757,0.037,70.65,3.9383,0.1358,76.99,0.1903,2.4732,14.15,DRIVE
37.55,1,3.7955,0.0842,73.72,3.9436,0.1607,78.18,0.1667,2.4244,11.44,DRIVE
37.6,1,3.7955,0.0842,73.72,3.9436,0.1607,78.18,0.1667,2.4244,11.44,DRIVE
37.65,1,3.7955,0.0842,73.72,3.9509,0.1991,79.77,0.1933,2.4244,11.44,DRIVE
37.7,1,3.8189,0.1466,77.18,3.9573,0.238,81.13,0.1658,2.3603,8.42,DRIVE
37.75,1,3.8189,0.1466,77.18,3.961,0.2642,81.95,0.1845,2.3603,8.42,DRIVE
37.8,1,3.8189,0.1466,77.18,3.9628,0.2773,82.34,0.1944,2.3603,8.42,DRIVE
37.85,1,3.8171,0.2252,80.62,3.9661,0.3036,83.07,0.1683,2.2821,4.78,DRIVE
37.9,1,3.8171,0.2252,80.62,3.9704,0.3431,84.07,0.1934,2.2821,4.78,DRIVE
37.95,1,3.817,0.3045,83.28,3.9741,0.3828,84.92,0.1755,2.2031,1.96,DRIVE
38.0,1,3.817,0.3045,83.28,3.9773,0.4225,85.66,0.1991,2.2031,1.96,DRIVE
38.05,1,3.817,0.3045,83.28,3.9792,0.4491,86.08,0.2172,2.2031,1.96,DRIVE
38.1,1,3.8116,0.3859,85.39,3.9816,0.4889,86.64,0.1988,2.1225,-0.48,DRIVE
38.15,1,3.8116,0.3859,85.39,3.9831,0.5154,86.99,0.2149,2.1225,-0.48,DRIVE
38.2,1,3.8012,0.4742,86.97,3.9837,0.5287,87.15,0.1906,2.0356,-2.58,DRIVE
38.25,1,3.8012,0.4742,86.97,3.9849,0.5553,87.44,0.2009,2.0356,-2.58,DRIVE
38.3,1,3.8012,0.4742,86.97,3.9865,0.5952,87.78,0.2214,2.0356,-2.58,DRIVE
38.35,1,3.8,0.5547,88.11,3.9875,0.6219,87.95,0.1991,1.9556,-3.98,DRIVE
38.4,1,3.8,0.5547,88.11,3.9892,0.6752,88.23,0.2243,1.9556,-3.98,DRIVE
38.45,1,3.8,0.5547,88.11,3.9892,0.6752,88.23,0.2243,1.9556,-3.98,DRIVE
38.5,1,3.8,0.5547,88.11,3.99,0.7018,88.32,0.2403,1.9556,-3.98,DRIVE
38.55,1,3.7877,0.6384,88.95,3.9912,0.7418,88.4,0.2282,1.8737,-5.46,DRIVE
38.6,1,3.7877,0.6384,88.95,3.9919,0.7685,88.42,0.2421,1.8737,-5.46,DRIVE
38.65,1,3.7877,0.6384,88.95,3.993,0.8085,88.4,0.2666,1.8737,-5.46,DRIVE
38.7,1,3.7877,0.6384,88.95,3.9934,0.8219,88.38,0.2756,1.8737,-5.46,DRIVE
38.75,1,3.7877,0.6384,88.95,3.9941,0.8486,88.32,0.2946,1.8737,-5.46,DRIVE
38.8,1,3.774,0.807,89.65,3.9949,0.8753,88.24,0.2313,1.708,-7.26,DRIVE
38.85,1,3.774,0.807,89.65,3.9962,0.9153,88.09,0.2472,1.708,-7.26,DRIVE
38.9,1,3.774,0.807,89.65,3.9977,0.9554,87.87,0.2684,1.708,-7.26,DRIVE
38.95,1,3.774,0.807,89.65,3.9993,0.9954,87.6,0.2937,1.708,-7.26,DRIVE
39.0,1,3.774,0.807,89.65,3.9993,0.9954,87.6,0.2937,1.708,-7.26,DRIVE
39.05,1,3.774,0.807,89.65,4.0005,1.0221,87.4,0.3123,1.708,-7.26,DRIVE
39.1,1,3.7654,0.9719,89.38,4.0024,1.0621,87.07,0.2536,1.546,-8.1,DRIVE
39.153,1,3.7654,0.9719,89.38,4.0046,1.1021,86.71,0.2724,1.546,-8.1,DRIVE
39.2,1,3.7618,1.054,88.91,4.0071,1.1421,86.3,0.2607,1.4655,-8.27,DRIVE
39.25,1,3.7618,1.054,88.91,4.0099,1.1821,85.86,0.2793,1.4655,-8.27,DRIVE
39.3,1,3.7588,1.1355,88.29,4.012,1.2087,85.54,0.2636,1.3856,-8.31,DRIVE
39.35,1,3.7588,1.1355,88.29,4.0141,1.2353,85.21,0.2742,1.3856,-8.31,DRIVE
39.4,1,3.7588,1.1355,88.29,4.0141,1.2353,85.21,0.2742,1.3856,-8.31,DRIVE
39.45,1,3.7588,1.1355,88.29,4.0177,1.2752,84.69,0.2942,1.3856,-8.31,DRIVE
39.5,1,3.7604,1.2185,87.51,4.0217,1.3151,84.14,0.2786,1.3037,-8.1,DRIVE
39.55,1,3.7604,1.2185,87.51,4.026,1.3549,83.56,0.2986,1.3037,-8.1,DRIVE
39.6,1,3.7604,1.2185,87.51,4.0308,1.3947,82.97,0.3227,1.3037,-8.1,DRIVE
39.65,1,3.7604,1.2185,87.51,4.0342,1.4211,82.56,0.3406,1.3037,-8.1,DRIVE
39.7,1,3.767,1.3819,85.52,4.0378,1.4476,82.15,0.2786,1.1421,-7.29,DRIVE
39.75,1,3.767,1.3819,85.52,4.0436,1.4872,81.53,0.2959,1.1421,-7.29,DRIVE
39.8,1,3.7731,1.4603,84.34,4.0498,1.5268,80.91,0.2845,1.0641,-6.66,DRIVE
39.85,1,3.7731,1.4603,84.34,4.0564,1.5663,80.3,0.3024,1.0641,-6.66,DRIVE
39.9,1,3.7731,1.4603,84.34,4.0634,1.6057,79.69,0.3247,1.0641,-6.66,DRIVE
39.95,1,3.7731,1.4603,84.34,4.0683,1.6319,79.28,0.3415,1.0641,-6.66,DRIVE
40.0,1,3.7911,1.6204,81.9,4.076,1.6712,78.68,0.2894,0.9041,-5.26,DRIVE
40.05,1,3.7911,1.6204,81.9,4.0841,1.7102,78.09,0.3065,0.9041,-5.26,DRIVE
40.1,1,3.8032,1.6998,80.66,4.092,1.7466,77.55,0.2926,0.824,-4.48,DRIVE
40.15,1,3.8032,1.6998,80.66,4.1,1.7817,77.03,0.3079,0.824,-4.48,DRIVE
40.2,1,3.8032,1.6998,80.66,4.1078,1.8144,76.56,0.3254,0.824,-4.48,DRIVE
40.25,1,3.818,1.7766,79.48,4.113,1.8358,76.26,0.3009,0.7459,-3.61,DRIVE
40.3,1,3.818,1.7766,79.48,4.113,1.8358,76.26,0.3009,0.7459,-3.61,DRIVE
40.35,1,3.8353,1.8453,78.42,4.1156,1.8465,76.11,0.2803,0.6751,-2.54,DRIVE
40.4,1,3.8353,1.8453,78.42,4.1209,1.8677,75.81,0.2865,0.6751,-2.54,DRIVE
40.45,1,3.8353,1.8453,78.42,4.1283,1.8964,75.42,0.2975,0.6751,-2.54,DRIVE
40.5,1,3.8353,1.8453,78.42,4.1353,1.9228,75.08,0.3099,0.6751,-2.54,DRIVE
40.55,1,3.8353,1.8453,78.42,4.1424,1.9489,74.76,0.3241,0.6751,-2.54,DRIVE
40.6,1,3.8353,1.8453,78.42,4.1496,1.975,74.44,0.34,0.6751,-2.54,DRIVE
40.65,1,3.8702,1.966,76.67,4.1569,2.001,74.13,0.2888,0.5495,-0.33,DRIVE
40.7,1,3.8702,1.966,76.67,4.1644,2.0268,73.84,0.3003,0.5495,-0.33,DRIVE
40.75,1,3.8831,2.0185,76.01,4.1689,2.0423,73.68,0.2868,0.4955,0.34,DRIVE
40.8,1,3.8831,2.0185,76.01,4.1731,2.0567,73.54,0.2925,0.4955,0.34,DRIVE
40.85,1,3.8831,2.0185,76.01,4.179,2.0765,73.37,0.3016,0.4955,0.34,DRIVE
40.9,1,3.8991,2.0705,75.39,4.1848,2.0956,73.22,0.2868,0.4412,1.38,DRIVE
40.95,1,3.9157,2.1143,74.9,4.1886,2.1082,73.12,0.273,0.3948,2.77,DRIVE
41.0,1,3.9157,2.1143,74.9,4.194,2.1259,73.01,0.2786,0.3948,2.77,DRIVE
41.05,1,3.9157,2.1143,74.9,4.1973,2.1366,72.96,0.2825,0.3948,2.77,DRIVE
41.1,1,3.9287,2.1523,74.56,4.202,2.1518,72.92,0.2733,0.3549,3.84,DRIVE
41.15,1,3.9287,2.1523,74.56,4.2066,2.1667,72.89,0.2783,0.3549,3.84,DRIVE
41.2,1,3.9287,2.1523,74.56,4.2108,2.1805,72.9,0.2836,0.3549,3.84,DRIVE
41.25,1,3.9287,2.1523,74.56,4.2136,2.1896,72.91,0.2874,0.3549,3.84,DRIVE
41.3,1,3.9287,2.1523,74.56,4.2164,2.1987,72.93,0.2914,0.3549,3.84,DRIVE
41.35,1,3.9513,2.2165,74.23,4.2205,2.2123,72.97,0.2693,0.2877,6.01,DRIVE
41.4,1,3.9513,2.2165,74.23,4.2246,2.2257,73.03,0.2736,0.2877,6.01,DRIVE
41.45,1,3.9616,2.2447,74.24,4.227,2.2335,73.1,0.2657,0.2582,7.2,DRIVE
41.5,1,3.9616,2.2447,74.24,4.2293,2.241,73.17,0.2677,0.2582,7.2,DRIVE
41.55,1,3.9616,2.2447,74.24,4.2293,2.241,73.17,0.2677,0.2582,7.2,DRIVE
41.6,1,3.97,2.2714,74.3,4.2324,2.2513,73.31,0.2631,0.2306,8.23,DRIVE
42.65,2,3.9837,2.3236,74.85,4.2381,2.2706,73.53,0.2599,3.9876,102.61,ALIGN
42.7,2,3.9837,2.3236,74.85,4.2381,2.2707,73.53,0.2599,3.9876,102.61,ALIGN
42.75,2,3.9829,2.3232,74.86,4.2381,2.2707,73.55,0.2606,3.9868,102.6,ALIGN
42.8,2,3.9829,2.3232,74.86,4.2382,2.2708,73.67,0.2606,3.9868,102.6,ALIGN
42.85,2,3.9829,2.3232,74.86,4.2382,2.2708,73.67,0.2606,3.9868,102.6,ALIGN
42.9,2,3.9837,2.3233,74.86,4.2382,2.2709,74.05,0.2598,3.9876,102.6,ALIGN
42.95,2,3.9837,2.3233,74.86,4.2382,2.271,74.49,0.2598,3.9876,102.6,ALIGN
43.0,2,3.9837,2.3233,74.86,4.2382,2.2712,75.37,0.2598,3.9876,102.6,ALIGN
43.05,2,3.9943,2.3194,75.09,4.2383,2.2715,76.35,0.2487,3.9984,102.32,ALIGN
43.1,2,3.9943,2.3194,75.09,4.2383,2.2716,76.69,0.2487,3.9984,102.32,ALIGN
43.15,2,3.9943,2.3194,75.09,4.2384,2.2719,77.39,0.2487,3.9984,102.32,ALIGN
43.2,2,4.0137,2.3124,76.26,4.2384,2.2719,77.39,0.2283,4.0181,101.07,ALIGN
43.25,2,4.0137,2.3124,76.26,4.2385,2.2722,78.11,0.2283,4.0181,101.07,ALIGN
43.3,2,4.0137,2.3124,76.26,4.2386,2.2727,79.24,0.2283,4.0181,101.07,ALIGN
43.35,2,4.0137,2.3124,76.26,4.2386,2.2732,80.4,0.2283,4.0181,101.07,ALIGN
43.4,2,4.0137,2.3124,76.26,4.2387,2.2738,81.61,0.2283,4.0181,101.07,ALIGN
43.45,2,4.0137,2.3124,76.26,4.2388,2.2743,82.44,0.2283,4.0181,101.07,ALIGN
43.5,2,4.0249,2.3061,80.37,4.2389,2.2749,83.71,0.2162,4.0296,96.87,ALIGN
43.55,2,4.0249,2.3061,80.37,4.2389,2.2754,85.02,0.2162,4.0296,96.87,ALIGN
43.6,2,4.024,2.3049,82.74,4.2389,2.2758,85.91,0.2169,4.0287,94.49,ALIGN
43.65,2,4.024,2.3049,82.74,4.2389,2.2762,87.26,0.2168,4.0287,94.49,ALIGN
43.7,2,4.024,2.3049,82.74,4.2389,2.2765,88.63,0.2168,4.0287,94.49,ALIGN
43.75,2,4.0275,2.2992,85.24,4.2389,2.2766,89.55,0.2127,4.0325,91.9,ALIGN
43.8,2,4.0275,2.2992,85.24,4.2389,2.2767,90.94,0.2127,4.0325,91.9,ALIGN
43.85,2,4.0257,2.2951,87.89,4.2389,2.2767,90.94,0.214,4.0309,89.19,ALIGN
43.9,2,4.0257,2.2951,87.89,4.2389,2.2767,91.87,0.214,4.0309,89.19,ALIGN
43.95,2,4.0262,2.2949,90.67,4.2389,2.2766,92.34,0.2135,4.0314,86.41,ALIGN
44.0,2,4.0262,2.2949,90.67,4.2389,2.2765,93.27,0.2136,4.0314,86.41,ALIGN
44.05,2,4.0262,2.2949,90.67,4.2389,2.2763,94.66,0.2136,4.0314,86.41,ALIGN
44.1,2,4.0262,2.2949,90.67,4.239,2.276,96.05,0.2136,4.0314,86.41,ALIGN
44.15,2,4.0246,2.2948,93.44,4.239,2.2757,97.43,0.2152,4.0299,83.64,ALIGN
44.2,2,4.0246,2.2948,93.44,4.239,2.2756,97.89,0.2152,4.0299,83.64,ALIGN
44.25,2,4.0246,2.2948,93.44,4.239,2.2755,98.35,0.2153,4.0299,83.64,ALIGN
44.3,2,4.0243,2.2943,96.22,4.2391,2.2751,99.73,0.2156,4.0296,80.86,ALIGN
44.35,2,4.0243,2.2943,96.22,4.2391,2.275,100.19,0.2156,4.0296,80.86,ALIGN
44.4,2,4.0243,2.2943,96.22,4.2392,2.2747,101.1,0.2157,4.0296,80.86,ALIGN
44.45,2,4.026,2.2982,98.98,4.2392,2.2744,102.01,0.2146,4.031,78.15,ALIGN
44.5,2,4.026,2.2982,98.98,4.2393,2.2739,103.38,0.2147,4.031,78.15,ALIGN
44.55,2,4.026,2.2982,98.98,4.2394,2.2735,104.74,0.2149,4.031,78.15,ALIGN
44.6,2,4.0243,2.297,101.74,4.2396,2.273,106.1,0.2166,4.0294,75.37,ALIGN
44.65,2,4.0243,2.297,101.74,4.2396,2.273,106.1,0.2166,4.0294,75.37,ALIGN
44.7,2,4.0243,2.297,101.74,4.2397,2.2727,107.0,0.2167,4.0294,75.37,ALIGN
44.75,2,4.025,2.2979,104.49,4.2398,2.2722,108.36,0.2164,4.0301,72.64,ALIGN
44.801,2,4.025,2.2979,104.49,4.24,2.2717,109.71,0.2166,4.0301,72.64,ALIGN
44.85,2,4.0269,2.2975,107.21,4.2401,2.2713,111.07,0.2149,4.032,69.91,ALIGN
44.9,2,4.0269,2.2975,107.21,4.2403,2.2709,111.97,0.215,4.032,69.91,ALIGN
44.95,2,4.0269,2.2956,109.91,4.2405,2.2705,113.32,0.215,4.0321,67.18,ALIGN
45.0,2,4.0269,2.2956,109.91,4.2406,2.2701,114.22,0.2152,4.0321,67.18,ALIGN
45.05,2,4.0269,2.2956,109.91,4.2408,2.2697,115.57,0.2155,4.0321,67.18,ALIGN
45.1,2,4.0269,2.2956,109.91,4.241,2.2692,116.92,0.2157,4.0321,67.18,ALIGN
45.15,2,4.0269,2.2956,109.91,4.2412,2.2689,117.82,0.2159,4.0321,67.18,ALIGN
45.2,2,4.03,2.2951,115.35,4.2412,2.2689,117.82,0.2129,4.0352,61.74,ALIGN
45.25,2,4.03,2.2951,115.35,4.2415,2.2684,119.17,0.2132,4.0352,61.74,ALIGN
45.3,2,4.03,2.2951,115.35,4.2417,2.268,120.52,0.2135,4.0352,61.74,ALIGN
45.35,2,4.0307,2.2951,118.05,4.2419,2.2677,121.42,0.2129,4.0359,59.04,ALIGN
45.4,2,4.0307,2.2951,118.05,4.2422,2.2672,122.77,0.2133,4.0359,59.04,ALIGN
45.45,2,4.0309,2.2954,120.75,4.2422,2.2672,122.77,0.2131,4.0361,56.34,ALIGN
45.5,2,4.0309,2.2954,120.75,4.2425,2.2668,124.12,0.2134,4.0361,56.34,ALIGN
45.55,2,4.0309,2.2954,120.75,4.2427,2.2665,125.02,0.2137,4.0361,56.34,ALIGN
45.6,2,4.0329,2.2943,123.47,4.2429,2.2662,125.92,0.2119,4.0381,53.61,ALIGN
45.65,2,4.0329,2.2943,123.47,4.243,2.2661,126.36,0.212,4.0381,53.61,ALIGN
45.7,2,4.0329,2.2943,123.47,4.2432,2.2658,127.26,0.2122,4.0381,53.61,ALIGN
45.75,2,4.033,2.2937,126.19,4.2435,2.2654,128.61,0.2124,4.0382,50.89,ALIGN
45.8,2,4.033,2.2937,126.19,4.2438,2.265,129.96,0.2128,4.0382,50.89,ALIGN
45.85,2,4.033,2.2937,126.19,4.2441,2.2647,130.86,0.2131,4.0382,50.89,ALIGN
45.9,2,4.0336,2.2966,128.91,4.2444,2.2643,132.21,0.2133,4.0387,48.21,ALIGN
45.95,2,4.0336,2.2966,128.91,4.2446,2.264,133.1,0.2135,4.0387,48.21,ALIGN
46.0,2,4.0341,2.2946,131.6,4.245,2.2637,134.45,0.2131,4.0394,45.49,ALIGN
46.05,2,4.0341,2.2946,131.6,4.2454,2.2633,135.8,0.2136,4.0394,45.49,ALIGN
46.1,2,4.0341,2.2946,131.6,4.2456,2.263,136.7,0.2138,4.0394,45.49,ALIGN
46.15,2,4.0373,2.2933,134.31,4.2458,2.2629,137.15,0.2107,4.0426,42.76,ALIGN
46.2,2,4.0373,2.2933,134.31,4.246,2.2627,138.05,0.211,4.0426,42.76,ALIGN
46.25,2,4.0421,2.2932,137.05,4.2464,2.2623,139.39,0.2066,4.0474,40.02,ALIGN
46.3,2,4.0421,2.2932,137.05,4.2467,2.2621,140.29,0.2069,4.0474,40.02,ALIGN
46.35,2,4.0421,2.2932,137.05,4.2471,2.2618,141.64,0.2074,4.0474,40.02,ALIGN
46.4,2,4.0423,2.2909,139.74,4.2475,2.2614,142.99,0.2073,4.0477,37.3,ALIGN
46.45,2,4.0423,2.2909,139.74,4.2478,2.2612,143.89,0.2076,4.0477,37.3,ALIGN
46.5,2,4.0431,2.2905,142.43,4.2481,2.261,144.78,0.2071,4.0485,34.6,ALIGN
46.55,2,4.0431,2.2905,142.43,4.2481,2.261,144.78,0.2071,4.0485,34.6,ALIGN
46.6,2,4.0431,2.2905,142.43,4.2485,2.2607,146.13,0.2076,4.0485,34.6,ALIGN
46.65,2,4.0431,2.2906,145.13,4.249,2.2604,147.48,0.208,4.0485,31.9,ALIGN
46.7,2,4.0431,2.2906,145.13,4.2494,2.2602,148.83,0.2085,4.0485,31.9,ALIGN
46.75,2,4.0431,2.2906,145.13,4.2499,2.2599,150.18,0.209,4.0485,31.9,ALIGN
46.8,2,4.0432,2.2902,147.83,4.2499,2.2599,150.18,0.2088,4.0487,29.2,ALIGN
46.85,2,4.0432,2.2902,147.83,4.2502,2.2597,151.07,0.2092,4.0487,29.2,ALIGN
46.9,2,4.0432,2.2902,147.83,4.2503,2.2596,151.52,0.2093,4.0487,29.2,ALIGN
46.95,2,4.0432,2.2902,147.83,4.2506,2.2595,152.42,0.2097,4.0487,29.2,ALIGN
47.0,2,4.0414,2.2889,150.53,4.2508,2.2594,152.87,0.2114,4.047,26.48,ALIGN
47.05,2,4.0414,2.2889,150.53,4.251,2.2593,153.32,0.2116,4.047,26.48,ALIGN
47.1,2,4.0414,2.2889,150.53,4.2514,2.2591,154.67,0.2121,4.047,26.48,ALIGN
47.15,2,4.0435,2.2896,153.23,4.2519,2.2588,156.01,0.2107,4.0489,23.79,ALIGN
47.2,2,4.0435,2.2896,153.23,4.2522,2.2587,157.36,0.211,4.0489,23.79,DRIVE
47.25,2,4.0435,2.2896,153.23,4.2499,2.2596,158.69,0.2087,4.0489,23.79,DRIVE
47.3,2,4.0435,2.2896,153.23,4.246,2.2611,159.57,0.2046,4.0489,23.79,DRIVE
47.35,2,4.0435,2.2896,153.23,4.2361,2.2646,160.96,0.1942,4.0489,23.79,DRIVE
47.4,2,4.0436,2.2883,158.62,4.2213,2.2694,162.47,0.1787,4.0491,18.38,DRIVE
47.45,2,4.0436,2.2883,158.62,4.2087,2.2732,163.56,0.1658,4.0491,18.38,DRIVE
47.5,2,4.033,2.2919,161.28,4.186,2.2794,165.27,0.1536,4.0384,15.76,DRIVE
47.55,2,4.033,2.2919,161.28,4.1684,2.2838,166.43,0.1356,4.0384,15.76,DRIVE
47.6,2,4.033,2.2919,161.28,4.1379,2.2904,168.23,0.1049,4.0384,15.76,DRIVE
47.65,2,4.0138,2.2993,164.25,4.103,2.2969,170.12,0.0892,4.0188,12.89,DRIVE
47.7,2,4.0138,2.2993,164.25,4.078,2.3008,171.37,0.0642,4.0188,12.89,DRIVE
47.75,2,3.9675,2.3099,167.7,4.0394,2.3058,173.03,0.072,3.972,9.56,DRIVE
47.8,2,3.9675,2.3099,167.7,4.0133,2.3086,174.0,0.0459,3.972,9.56,DRIVE
47.85,2,3.9675,2.3099,167.7,3.974,2.3122,175.28,0.0069,3.972,9.56,DRIVE
47.9,2,3.9675,2.3099,167.7,3.9343,2.3149,176.4,0.0335,3.972,9.56,DRIVE
47.95,2,3.9675,2.3099,167.7,3.9079,2.3163,177.1,0.06,3.972,9.56,DRIVE
48.0,2,3.9675,2.3099,167.7,3.8681,2.3179,178.13,0.0997,3.972,9.56,DRIVE
48.05,2,3.9675,2.3099,167.7,3.8415,2.3185,178.82,0.1262,3.972,9.56,DRIVE
48.1,2,3.7162,2.3332,177.42,3.8017,2.3188,179.84,0.0867,3.7199,0.01,DRIVE
48.15,2,3.7162,2.3332,177.42,3.7752,2.3187,-179.48,0.0607,3.7199,0.01,DRIVE
48.2,2,3.632,2.3368,179.53,3.7486,2.3182,-178.84,0.118,3.6357,-2.11,DRIVE
48.25,2,3.632,2.3368,179.53,3.7089,2.317,-178.07,0.0793,3.6357,-2.11,DRIVE
48.3,2,3.5495,2.3357,-178.41,3.6956,2.3165,-177.89,0.1474,3.5533,-4.24,DRIVE
48.35,2,3.5495,2.3357,-178.41,3.6956,2.3165,-177.89,0.1474,3.5533,-4.24,DRIVE
48.4,2,3.5495,2.3357,-178.41,3.6557,2.3149,-177.51,0.1083,3.5533,-4.24,DRIVE
48.45,2,3.5495,2.3357,-178.41,3.6158,2.313,-177.3,0.0701,3.5533,-4.24,DRIVE
48.5,2,3.4648,2.3393,-176.71,3.5759,2.3111,-177.16,0.1146,3.4685,-5.95,DRIVE
48.55,2,3.4648,2.3393,-176.71,3.5492,2.3097,-177.09,0.0895,3.4685,-5.95,DRIVE
48.602,2,3.4648,2.3393,-176.71,3.5226,2.3083,-177.05,0.0656,3.4685,-5.95,DRIVE
48.65,2,3.3759,2.341,-176.03,3.5226,2.3083,-177.05,0.1502,3.3797,-6.67,DRIVE
48.7,2,3.3759,2.341,-176.03,3.4826,2.3063,-177.06,0.1122,3.3797,-6.67,DRIVE
48.75,2,3.3759,2.341,-176.03,3.4426,2.3042,-177.14,0.0761,3.3797,-6.67,DRIVE
48.8,2,3.3759,2.341,-176.03,3.4026,2.3023,-177.29,0.047,3.3797,-6.67,DRIVE
48.85,2,3.3759,2.341,-176.03,3.3759,2.3011,-177.41,0.0399,3.3797,-6.67,DRIVE
48.9,2,3.2062,2.3317,-175.81,3.3626,2.3005,-177.48,0.1594,3.2106,-7.19,DRIVE
48.95,2,3.2062,2.3317,-175.81,3.3359,2.2994,-177.63,0.1336,3.2106,-7.19,DRIVE
49.0,2,3.2062,2.3317,-175.81,3.3225,2.2988,-177.71,0.1209,3.2106,-7.19,DRIVE
49.05,2,3.2062,2.3317,-175.81,3.3092,2.2983,-177.8,0.1082,3.2106,-7.19,DRIVE
49.1,2,3.1238,2.3268,-176.09,3.2692,2.2969,-178.09,0.1484,3.1286,-7.08,DRIVE
49.15,2,3.1238,2.3268,-176.09,3.2692,2.2969,-178.09,0.1484,3.1286,-7.08,DRIVE
49.2,2,3.1238,2.3268,-176.09,3.2291,2.2957,-178.42,0.1098,3.1286,-7.08,DRIVE
49.25,2,3.0393,2.3228,-176.55,3.189,2.2948,-178.78,0.1524,3.0444,-6.78,DRIVE
49.3,2,3.0393,2.3228,-176.55,3.149,2.2941,-179.17,0.1134,3.0444,-6.78,DRIVE
49.35,2,3.0393,2.3228,-176.55,3.1223,2.2938,-179.44,0.0879,3.0444,-6.78,DRIVE
49.4,2,2.9562,2.319,-177.19,3.0822,2.2936,-179.87,0.1286,2.9617,-6.31,DRIVE
49.45,2,2.9562,2.319,-177.19,3.0555,2.2937,179.82,0.1025,2.9617,-6.31,DRIVE
49.5,2,2.875,2.3163,-177.95,3.0555,2.2937,179.82,0.1819,2.8809,-5.7,DRIVE
49.55,2,2.875,2.3163,-177.95,3.0155,2.294,179.36,0.1422,2.8809,-5.7,DRIVE
49.6,2,2.875,2.3163,-177.95,2.9754,2.2947,178.9,0.1027,2.8809,-5.7,DRIVE
49.65,2,2.7941,2.3165,-178.82,2.9487,2.2953,178.59,0.1561,2.8001,-4.93,DRIVE
49.7,2,2.7941,2.3165,-178.82,2.9087,2.2965,178.12,0.1164,2.8001,-4.93,DRIVE
49.75,2,2.7941,2.3165,-178.82,2.8687,2.298,177.66,0.0769,2.8001,-4.93,DRIVE
49.8,2,2.7133,2.3142,-179.73,2.842,2.2992,177.36,0.1296,2.7196,-4.19,DRIVE
49.85,2,2.7133,2.3142,-179.73,2.802,2.3013,176.9,0.0897,2.7196,-4.19,DRIVE
49.9,2,2.6346,2.3149,179.35,2.7754,2.3028,176.61,0.1413,2.6411,-3.37,DRIVE
49.95,2,2.6346,2.3149,179.35,2.7354,2.3054,176.19,0.1013,2.6411,-3.37,DRIVE
50.0,2,2.5553,2.3159,178.44,2.6955,2.3083,175.78,0.1404,2.5619,-2.57,DRIVE
50.05,2,2.5553,2.3159,178.44,2.6689,2.3103,175.52,0.1137,2.5619,-2.57,DRIVE
50.1,2,2.5553,2.3159,178.44,2.629,2.3136,175.16,0.0737,2.5619,-2.57,DRIVE
50.15,2,2.4777,2.3173,177.57,2.6024,2.316,174.92,0.1248,2.4844,-1.78,DRIVE
50.2,2,2.4777,2.3173,177.57,2.5625,2.3197,174.58,0.0849,2.4844,-1.78,DRIVE
50.25,2,2.3987,2.3207,176.77,2.5227,2.3236,174.27,0.1241,2.4054,-1.04,DRIVE
50.3,2,2.3987,2.3207,176.77,2.4961,2.3263,174.08,0.0976,2.4054,-1.04,DRIVE
50.35,2,2.3198,2.3273,176.06,2.4563,2.3306,173.81,0.1365,2.3262,-0.31,DRIVE
50.4,2,2.3198,2.3273,176.06,2.4563,2.3306,173.81,0.1365,2.3262,-0.31,DRIVE
50.45,2,2.3198,2.3273,176.06,2.4298,2.3335,173.64,0.1101,2.3262,-0.31,DRIVE
50.5,2,2.2414,2.3325,175.43,2.4033,2.3365,173.49,0.1619,2.2476,0.3,DRIVE
50.55,2,2.2414,2.3325,175.43,2.39,2.3381,173.42,0.1487,2.2476,0.3,DRIVE
50.6,2,2.2414,2.3325,175.43,2.3502,2.3428,173.23,0.1093,2.2476,0.3,DRIVE
50.65,2,2.1644,2.3391,174.91,2.3105,2.3476,173.06,0.1463,2.1704,0.84,DRIVE
50.7,2,2.1644,2.3391,174.91,2.3105,2.3476,173.06,0.1463,2.1704,0.84,DRIVE
50.75,2,2.1644,2.3391,174.91,2.284,2.3508,172.97,0.1202,2.1704,0.84,DRIVE
50.8,2,2.0872,2.3472,174.5,2.2442,2.3558,172.84,0.1573,2.0928,1.32,DRIVE
50.85,2,2.0872,2.3472,174.5,2.2045,2.3608,172.75,0.1181,2.0928,1.32,DRIVE
50.9,2,2.0872,2.3472,174.5,2.1912,2.3625,172.72,0.1052,2.0928,1.32,DRIVE
50.95,2,2.0872,2.3472,174.5,2.1648,2.3659,172.68,0.0798,2.0928,1.32,DRIVE
51.0,2,2.0081,2.3546,174.19,2.125,2.3711,172.63,0.1181,2.0133,1.67,DRIVE
51.05,2,1.9295,2.362,174.0,2.0985,2.3745,172.61,0.1695,1.9345,1.91,DRIVE
51.1,2,1.9295,2.362,174.0,2.0985,2.3745,172.61,0.1695,1.9345,1.91,DRIVE
51.15,2,1.9295,2.362,174.0,2.0456,2.3814,172.59,0.1176,1.9345,1.91,DRIVE
51.2,2,1.9295,2.362,174.0,2.0191,2.3848,172.6,0.0924,1.9345,1.91,DRIVE
51.25,2,1.8511,2.3713,173.89,1.9794,2.39,172.62,0.1296,1.8556,2.13,DRIVE
51.302,2,1.8511,2.3713,173.89,1.9397,2.3951,172.65,0.0917,1.8556,2.13,DRIVE
51.35,2,1.7729,2.3791,173.87,1.8999,2.4002,172.7,0.1288,1.777,2.23,DRIVE
51.4,2,1.7729,2.3791,173.87,1.8999,2.4002,172.7,0.1288,1.777,2.23,DRIVE
51.45,2,1.7729,2.3791,173.87,1.8602,2.4053,172.77,0.0912,1.777,2.23,DRIVE
51.5,2,1.6931,2.3874,173.92,1.8205,2.4103,172.85,0.1294,1.6968,2.27,DRIVE
51.55,2,1.6931,2.3874,173.92,1.7807,2.4152,172.94,0.0919,1.6968,2.27,DRIVE
51.6,2,1.6152,2.3956,174.02,1.7409,2.4201,173.04,0.1281,1.6186,2.28,DRIVE
51.65,2,1.6152,2.3956,174.02,1.7012,2.4249,173.16,0.0908,1.6186,2.28,DRIVE
51.7,2,1.5348,2.4035,174.19,1.6747,2.428,173.24,0.142,1.5379,2.21,DRIVE
51.75,2,1.5348,2.4035,174.19,1.6349,2.4327,173.37,0.1042,1.5379,2.21,DRIVE
51.8,2,1.5348,2.4035,174.19,1.5951,2.4373,173.51,0.0691,1.5379,2.21,DRIVE
51.85,2,1.4562,2.4109,174.41,1.5553,2.4417,173.66,0.1038,1.4589,2.09,DRIVE
51.9,2,1.4562,2.4109,174.41,1.5288,2.4446,173.76,0.08,1.4589,2.09,DRIVE
51.95,2,1.3767,2.4193,174.66,1.4889,2.4489,173.92,0.1161,1.379,1.98,DRIVE
52.0,2,1.3767,2.4193,174.66,1.4491,2.4531,174.08,0.0799,1.379,1.98,DRIVE
52.05,2,1.2978,2.4262,174.96,1.4093,2.4571,174.25,0.1157,1.2999,1.79,DRIVE
52.1,2,1.2978,2.4262,174.96,1.3827,2.4598,174.36,0.0913,1.2999,1.79,DRIVE
52.15,2,1.2175,2.4328,175.27,1.3428,2.4636,174.53,0.1291,1.2193,1.57,DRIVE
52.2,2,1.2175,2.4328,175.27,1.303,2.4674,174.69,0.0922,1.2193,1.57,DRIVE
52.25,2,1.1388,2.4387,175.6,1.2764,2.4698,174.8,0.1411,1.1404,1.32,DRIVE
52.3,2,1.1388,2.4387,175.6,1.2365,2.4733,174.96,0.1037,1.1404,1.32,DRIVE
52.35,2,1.1388,2.4387,175.6,1.2099,2.4757,175.06,0.0801,1.1404,1.32,DRIVE
52.4,2,1.0568,2.4442,175.93,1.2099,2.4757,175.06,0.1562,1.0583,1.05,DRIVE
52.45,2,1.0568,2.4442,175.93,1.17,2.479,175.21,0.1184,1.0583,1.05,DRIVE
52.5,2,0.9776,2.4501,176.25,1.1301,2.4823,175.36,0.1558,0.9789,0.82,DRIVE
52.55,2,0.9776,2.4501,176.25,1.0902,2.4855,175.5,0.1181,0.9789,0.82,DRIVE
52.6,2,0.8969,2.4554,176.55,1.0511,2.4885,175.63,0.1577,0.898,0.6,DRIVE
52.65,2,0.8969,2.4554,176.55,1.0122,2.4914,175.76,0.1208,0.898,0.6,DRIVE
52.7,2,0.8172,2.4603,176.84,0.9756,2.4941,175.87,0.162,0.8182,0.38,DRIVE
52.75,2,0.8172,2.4603,176.84,0.9517,2.4958,175.95,0.1391,0.8182,0.38,DRIVE
52.8,2,0.8172,2.4603,176.84,0.9517,2.4958,175.95,0.1391,0.8182,0.38,DRIVE
52.85,2,0.8172,2.4603,176.84,0.9176,2.4982,176.05,0.1072,0.8182,0.38,DRIVE
52.9,2,0.8172,2.4603,176.84,0.8848,2.5004,176.14,0.0785,0.8182,0.38,DRIVE
52.95,2,0.8172,2.4603,176.84,0.8412,2.5033,176.25,0.0491,0.8182,0.38,DRIVE
53.0,2,0.6681,2.4671,177.31,0.8194,2.5047,176.3,0.1559,0.6689,-0.13,DRIVE
53.05,2,0.6681,2.4671,177.31,0.7868,2.5068,176.37,0.1252,0.6689,-0.13,DRIVE
53.1,2,0.6681,2.4671,177.31,0.7575,2.5086,176.43,0.0986,0.6689,-0.13,DRIVE
53.15,2,0.6025,2.4701,177.49,0.7575,2.5086,176.43,0.1597,0.6033,-0.33,DRIVE
53.2,2,0.6025,2.4701,177.49,0.7395,2.5097,176.47,0.1426,0.6033,-0.33,DRIVE
53.25,2,0.6025,2.4701,177.49,0.7135,2.5113,176.51,0.1184,0.6033,-0.33,DRIVE
53.3,2,0.6025,2.4701,177.49,0.6892,2.5128,176.55,0.0966,0.6033,-0.33,DRIVE
53.35,2,0.4791,2.4749,177.77,0.6651,2.5142,176.58,0.19,0.4798,-0.76,DRIVE
53.4,2,0.4791,2.4749,177.77,0.6411,2.5156,176.61,0.167,0.4798,-0.76,DRIVE
53.452,2,0.4791,2.4749,177.77,0.6268,2.5165,176.62,0.1534,0.4798,-0.76,DRIVE
53.5,2,0.4283,2.4768,177.85,0.6202,2.5169,176.62,0.1961,0.4289,-0.94,DRIVE
53.55,2,0.4283,2.4768,177.85,0.6073,2.5176,176.63,0.1836,0.4289,-0.94,DRIVE
53.6,2,0.4283,2.4768,177.85,0.5888,2.5187,176.64,0.1659,0.4289,-0.94,DRIVE
53.65,2,0.4283,2.4768,177.85,0.5715,2.5197,176.64,0.1495,0.4289,-0.94,DRIVE
53.7,2,0.3407,2.4796,177.93,0.5544,2.5207,176.63,0.2176,0.3413,-1.37,DRIVE
53.75,2,0.3407,2.4796,177.93,0.5374,2.5217,176.62,0.2012,0.3413,-1.37,DRIVE
53.8,2,0.3407,2.4796,177.93,0.5229,2.5226,176.6,0.1873,0.3413,-1.37,DRIVE
53.85,2,0.3053,2.4805,177.93,0.5092,2.5234,176.58,0.2084,0.3059,-1.59,DRIVE
53.9,2,0.3053,2.4805,177.93,0.5001,2.524,176.56,0.1996,0.3059,-1.59,DRIVE
53.95,2,0.2721,2.4817,177.91,0.4874,2.5247,176.53,0.2195,0.2727,-1.76,DRIVE
54.0,2,0.2721,2.4817,177.91,0.4753,2.5255,176.5,0.2078,0.2727,-1.76,DRIVE
54.05,2,0.2437,2.4831,177.87,0.4642,2.5262,176.46,0.2247,0.2443,-1.84,DRIVE
55.1,3,0.1839,2.4844,177.7,0.4425,2.5275,176.39,0.2622,2.4912,88.06,ALIGN
55.15,3,0.1839,2.4844,177.7,0.4424,2.5275,176.39,0.2621,2.4912,88.06,ALIGN
55.2,3,0.1842,2.4844,177.71,0.4424,2.5275,176.42,0.2618,2.4912,88.05,ALIGN
55.25,3,0.1842,2.4844,177.71,0.4423,2.5275,176.54,0.2617,2.4912,88.05,ALIGN
55.3,3,0.1842,2.4844,177.71,0.4423,2.5275,176.92,0.2617,2.4912,88.05,ALIGN
55.35,3,0.1852,2.4843,177.71,0.4422,2.5275,177.62,0.2606,2.4912,88.02,ALIGN
55.4,3,0.1852,2.4843,177.71,0.4421,2.5275,178.22,0.2605,2.4912,88.02,ALIGN
55.45,3,0.1937,2.4843,177.99,0.4418,2.5275,179.2,0.2518,2.4919,87.55,ALIGN
55.5,3,0.1937,2.4843,177.99,0.4418,2.5275,179.2,0.2518,2.4919,87.55,ALIGN
55.55,3,0.206,2.485,179.33,0.4415,2.5275,-179.77,0.2393,2.4935,85.93,ALIGN
55.6,3,0.206,2.485,179.33,0.441,2.5275,-178.7,0.2389,2.4935,85.93,ALIGN
55.65,3,0.206,2.485,179.33,0.4405,2.5275,-177.58,0.2383,2.4935,85.93,ALIGN
55.7,3,0.2076,2.4856,-178.68,0.4399,2.5274,-176.42,0.236,2.4942,83.9,ALIGN
55.75,3,0.2076,2.4856,-178.68,0.4395,2.5274,-175.62,0.2356,2.4942,83.9,ALIGN
55.8,3,0.2085,2.4877,-176.5,0.4389,2.5274,-174.39,0.2338,2.4964,81.71,ALIGN
55.85,3,0.2085,2.4877,-176.5,0.4383,2.5273,-173.12,0.2332,2.4964,81.71,ALIGN
55.9,3,0.2085,2.4877,-176.5,0.4379,2.5272,-172.25,0.2328,2.4964,81.71,ALIGN
55.95,3,0.2098,2.4879,-174.16,0.4376,2.5272,-171.37,0.2312,2.4967,79.34,ALIGN
56.0,3,0.2092,2.4898,-171.63,0.4371,2.5271,-170.02,0.2309,2.4986,76.83,ALIGN
56.05,3,0.2092,2.4898,-171.63,0.4368,2.527,-168.66,0.2306,2.4986,76.83,ALIGN
56.1,3,0.2092,2.4898,-171.63,0.4366,2.527,-167.74,0.2304,2.4986,76.83,ALIGN
56.15,3,0.2092,2.4898,-171.63,0.4365,2.5269,-166.35,0.2303,2.4986,76.83,ALIGN
56.2,3,0.2066,2.4883,-169.0,0.4365,2.5269,-166.35,0.2331,2.4969,74.26,ALIGN
56.25,3,0.2066,2.4883,-169.0,0.4365,2.5269,-165.43,0.2331,2.4969,74.26,ALIGN
56.3,3,0.2069,2.4881,-166.25,0.4366,2.527,-163.57,0.2329,2.4967,71.49,ALIGN
56.35,3,0.2069,2.4881,-166.25,0.4368,2.527,-162.17,0.2331,2.4967,71.49,ALIGN
56.4,3,0.2069,2.4881,-166.25,0.437,2.5271,-161.25,0.2333,2.4967,71.49,ALIGN
56.45,3,0.2094,2.49,-163.45,0.4372,2.5271,-160.32,0.2308,2.4988,68.65,ALIGN
56.5,3,0.2094,2.49,-163.45,0.4375,2.5273,-158.94,0.2311,2.4988,68.65,ALIGN
56.55,3,0.2074,2.4908,-160.67,0.4379,2.5274,-157.56,0.2334,2.4994,65.91,ALIGN
56.6,3,0.2074,2.4908,-160.67,0.438,2.5274,-157.1,0.2335,2.4994,65.91,ALIGN
56.65,3,0.2074,2.4908,-160.67,0.4384,2.5276,-155.73,0.2339,2.4994,65.91,ALIGN
56.7,3,0.2095,2.4902,-157.89,0.4388,2.5278,-154.36,0.2324,2.499,63.08,ALIGN
56.75,3,0.2107,2.4888,-155.12,0.4392,2.528,-153.0,0.2318,2.4977,60.28,ALIGN
56.8,3,0.2107,2.4888,-155.12,0.4395,2.5281,-152.09,0.2321,2.4977,60.28,ALIGN
56.85,3,0.2107,2.4888,-155.12,0.4399,2.5284,-150.73,0.2326,2.4977,60.28,ALIGN
56.9,3,0.2088,2.4887,-152.38,0.4403,2.5286,-149.38,0.2349,2.4975,57.58,ALIGN
56.95,3,0.2088,2.4887,-152.38,0.4406,2.5288,-148.47,0.2352,2.4975,57.58,ALIGN
57.0,3,0.2155,2.4865,-149.62,0.4407,2.5289,-148.02,0.2292,2.4958,54.67,ALIGN
57.05,3,0.2155,2.4865,-149.62,0.4409,2.529,-147.57,0.2293,2.4958,54.67,ALIGN
57.1,3,0.2155,2.4865,-149.62,0.4413,2.5292,-146.22,0.2298,2.4958,54.67,ALIGN
57.15,3,0.2155,2.4865,-149.62,0.4417,2.5295,-144.86,0.2303,2.4958,54.67,ALIGN
57.2,3,0.2155,2.4865,-149.62,0.4417,2.5295,-144.86,0.2303,2.4958,54.67,ALIGN
57.25,3,0.2155,2.4865,-149.62,0.4422,2.5298,-143.51,0.2307,2.4958,54.67,ALIGN
57.3,3,0.2155,2.4865,-149.62,0.4426,2.5301,-142.16,0.2312,2.4958,54.67,ALIGN
57.35,3,0.2155,2.4865,-149.62,0.443,2.5305,-140.81,0.2317,2.4958,54.67,ALIGN
57.4,3,0.2155,2.4865,-149.62,0.4432,2.5307,-139.91,0.232,2.4958,54.67,ALIGN
57.45,3,0.2117,2.4853,-141.46,0.4436,2.531,-138.56,0.2364,2.4943,46.59,ALIGN
57.5,3,0.2117,2.4853,-141.46,0.4439,2.5313,-137.66,0.2367,2.4943,46.59,ALIGN
57.55,3,0.2092,2.4825,-138.73,0.4443,2.5316,-136.31,0.2402,2.4913,43.91,ALIGN
57.6,3,0.2092,2.4825,-138.73,0.4445,2.5319,-135.41,0.2405,2.4913,43.91,ALIGN
57.65,3,0.2092,2.4825,-138.73,0.4448,2.5321,-134.51,0.2408,2.4913,43.91,ALIGN
57.7,3,0.2092,2.4825,-138.73,0.4452,2.5325,-133.17,0.2412,2.4913,43.91,ALIGN
57.75,3,0.2092,2.4825,-138.73,0.4455,2.5329,-131.82,0.2416,2.4913,43.91,ALIGN
57.8,3,0.2099,2.4829,-133.32,0.4459,2.5333,-130.47,0.2413,2.4917,38.49,ALIGN
57.85,3,0.2099,2.4829,-133.32,0.4461,2.5335,-129.57,0.2416,2.4917,38.49,ALIGN
57.9,3,0.209,2.4809,-130.59,0.4464,2.5339,-128.22,0.2432,2.4897,35.78,ALIGN
57.95,3,0.209,2.4809,-130.59,0.4467,2.5344,-126.87,0.2437,2.4897,35.78,ALIGN
58.0,3,0.2119,2.4821,-127.89,0.447,2.5346,-125.97,0.2409,2.4912,33.01,ALIGN
58.05,3,0.2119,2.4821,-127.89,0.4473,2.5351,-124.63,0.2413,2.4912,33.01,ALIGN
58.1,3,0.2119,2.4821,-127.89,0.4475,2.5354,-123.73,0.2415,2.4912,33.01,ALIGN
58.15,3,0.2122,2.4836,-125.19,0.4478,2.5358,-122.38,0.2413,2.4926,30.3,ALIGN
58.2,3,0.2122,2.4836,-125.19,0.4479,2.5361,-121.48,0.2415,2.4926,30.3,ALIGN
58.25,3,0.2122,2.4836,-125.19,0.4482,2.5366,-120.13,0.2419,2.4926,30.3,ALIGN
58.3,3,0.2122,2.4836,-125.19,0.4484,2.5369,-119.23,0.2421,2.4926,30.3,ALIGN
58.35,3,0.2122,2.4836,-125.19,0.4487,2.5373,-117.89,0.2425,2.4926,30.3,ALIGN
58.4,3,0.2122,2.4836,-125.19,0.4489,2.5378,-116.54,0.2428,2.4926,30.3,ALIGN
58.45,3,0.2122,2.4836,-125.19,0.4491,2.5381,-115.64,0.243,2.4926,30.3,ALIGN
58.5,3,0.2122,2.4836,-125.19,0.4493,2.5386,-114.29,0.2434,2.4926,30.3,ALIGN
58.55,3,0.2122,2.4836,-125.19,0.4494,2.5389,-113.4,0.2436,2.4926,30.3,ALIGN
58.6,3,0.217,2.4941,-114.34,0.4496,2.5394,-112.05,0.237,2.5035,19.37,ALIGN
58.65,3,0.217,2.4941,-114.34,0.4498,2.5397,-110.71,0.2372,2.5035,19.37,DRIVE
58.7,3,0.217,2.4941,-114.34,0.4494,2.5386,-109.88,0.2366,2.5035,19.37,DRIVE
58.75,3,0.217,2.4941,-114.34,0.4475,2.5334,-108.72,0.2339,2.5035,19.37,DRIVE
58.8,3,0.217,2.4941,-114.34,0.4455,2.5272,-107.94,0.2309,2.5035,19.37,DRIVE
58.85,3,0.2129,2.4951,-108.98,0.4414,2.5138,-106.71,0.2292,2.5041,14.1,DRIVE
58.9,3,0.2129,2.4951,-108.98,0.4398,2.5083,-106.27,0.2272,2.5041,14.1,DRIVE
58.95,3,0.2129,2.4951,-108.98,0.438,2.5022,-105.82,0.2252,2.5041,14.1,DRIVE
59.0,3,0.2129,2.4951,-108.98,0.4324,2.4808,-104.44,0.2199,2.5041,14.1,DRIVE
59.05,3,0.2129,2.4951,-108.98,0.4261,2.4548,-103.03,0.2169,2.5041,14.1,DRIVE
59.1,3,0.2025,2.454,-104.01,0.4195,2.4237,-101.53,0.2191,2.4624,9.29,DRIVE
59.15,3,0.2025,2.454,-104.01,0.413,2.3881,-99.91,0.2205,2.4624,9.29,DRIVE
59.2,3,0.2025,2.454,-104.01,0.4089,2.3628,-98.9,0.2257,2.4624,9.29,DRIVE
59.25,3,0.2025,2.454,-104.01,0.4034,2.3239,-97.61,0.2394,2.4624,9.29,DRIVE
59.3,3,0.2025,2.454,-104.01,0.4002,2.2977,-96.85,0.252,2.4624,9.29,DRIVE
59.35,3,0.1791,2.3321,-98.04,0.396,2.2582,-95.79,0.2291,2.339,3.64,DRIVE
59.4,3,0.1791,2.3321,-98.04,0.3935,2.2318,-95.11,0.2367,2.339,3.64,DRIVE
59.45,3,0.1678,2.2513,-95.49,0.3904,2.1921,-94.19,0.2303,2.2575,1.22,DRIVE
59.5,3,0.1678,2.2513,-95.49,0.3879,2.1523,-93.45,0.2413,2.2575,1.22,DRIVE
59.55,3,0.1678,2.2513,-95.49,0.3864,2.1258,-93.06,0.2521,2.2575,1.22,DRIVE
59.6,3,0.1591,2.1692,-93.44,0.3845,2.0859,-92.55,0.2403,2.1751,-0.76,DRIVE
59.65,3,0.1591,2.1692,-93.44,0.383,2.046,-92.08,0.2555,2.1751,-0.76,DRIVE
59.7,3,0.151,2.0882,-91.94,0.3821,2.0194,-91.82,0.2411,2.0936,-2.2,DRIVE
59.75,3,0.151,2.0882,-91.94,0.381,1.9795,-91.47,0.2544,2.0936,-2.2,DRIVE
59.8,3,0.1462,2.0115,-90.93,0.3807,1.9662,-91.37,0.2388,2.0168,-3.22,DRIVE
59.85,3,0.1462,2.0115,-90.93,0.3804,1.9528,-91.27,0.2414,2.0168,-3.22,DRIVE
59.9,3,0.1462,2.0115,-90.93,0.3796,1.9129,-91.05,0.2534,2.0168,-3.22,DRIVE
59.95,3,0.1432,1.9332,-90.19,0.3792,1.8862,-90.93,0.2406,1.9385,-4.05,DRIVE
60.0,3,0.1432,1.9332,-90.19,0.379,1.8728,-90.89,0.2434,1.9385,-4.05,DRIVE
60.05,3,0.1432,1.9332,-90.19,0.3784,1.8328,-90.79,0.2558,1.9385,-4.05,DRIVE
60.1,3,0.1399,1.8525,-89.74,0.3779,1.7928,-90.75,0.2453,1.8577,-4.58,DRIVE
60.15,3,0.1399,1.8525,-89.74,0.3774,1.7527,-90.75,0.2575,1.8577,-4.58,DRIVE
60.2,3,0.139,1.7678,-89.53,0.3768,1.7127,-90.81,0.2441,1.7733,-4.97,DRIVE
60.25,3,0.139,1.7678,-89.53,0.3762,1.6726,-90.9,0.2556,1.7733,-4.97,DRIVE
60.3,3,0.139,1.7678,-89.53,0.3758,1.6459,-90.99,0.2663,1.7733,-4.97,DRIVE
60.35,3,0.1382,1.685,-89.53,0.375,1.6059,-91.14,0.2497,1.6907,-5.16,DRIVE
60.4,3,0.1382,1.685,-89.53,0.3744,1.5792,-91.26,0.2589,1.6907,-5.16,DRIVE
60.45,3,0.1365,1.6038,-89.73,0.3735,1.5391,-91.47,0.2456,1.6096,-5.13,DRIVE
60.5,3,0.1365,1.6038,-89.73,0.3727,1.5124,-91.62,0.2533,1.6096,-5.13,DRIVE
60.55,3,0.1363,1.5222,-90.06,0.3723,1.4991,-91.69,0.2372,1.5283,-5.06,DRIVE
60.6,3,0.1363,1.5222,-90.06,0.3715,1.4724,-91.86,0.2404,1.5283,-5.06,DRIVE
60.65,3,0.1363,1.5222,-90.06,0.3701,1.4324,-92.13,0.2505,1.5283,-5.06,DRIVE
60.7,3,0.1346,1.4418,-90.51,0.3684,1.3923,-92.41,0.239,1.4481,-4.82,DRIVE
60.75,3,0.1346,1.4418,-90.51,0.3666,1.3523,-92.72,0.2487,1.4481,-4.82,DRIVE
60.8,3,0.1346,1.4418,-90.51,0.3653,1.3256,-92.94,0.2583,1.4481,-4.82,DRIVE
60.85,3,0.1346,1.4418,-90.51,0.3631,1.2856,-93.27,0.2768,1.4481,-4.82,DRIVE
60.9,3,0.1346,1.4418,-90.51,0.3615,1.259,-93.5,0.2914,1.4481,-4.82,DRIVE
60.95,3,0.13,1.2804,-91.66,0.3589,1.219,-93.85,0.2369,1.287,-4.14,DRIVE
61.0,3,0.13,1.2804,-91.66,0.357,1.1924,-94.09,0.2434,1.287,-4.14,DRIVE
61.05,3,0.13,1.2804,-91.66,0.3539,1.1524,-94.45,0.2579,1.287,-4.14,DRIVE
61.1,3,0.1281,1.2,-92.32,0.3518,1.1258,-94.7,0.2357,1.2068,-3.78,DRIVE
61.15,3,0.1229,1.1183,-93.04,0.3483,1.0859,-95.06,0.2277,1.125,-3.24,DRIVE
61.2,3,0.1229,1.1183,-93.04,0.3483,1.0859,-95.06,0.2277,1.125,-3.24,DRIVE
61.25,3,0.1229,1.1183,-93.04,0.3446,1.046,-95.41,0.2332,1.125,-3.24,DRIVE
61.3,3,0.1229,1.1183,-93.04,0.3407,1.0062,-95.75,0.2449,1.125,-3.24,DRIVE
61.35,3,0.1229,1.1183,-93.04,0.3365,0.9664,-96.09,0.2621,1.125,-3.24,DRIVE
61.4,3,0.1229,1.1183,-93.04,0.3336,0.9398,-96.31,0.2761,1.125,-3.24,DRIVE
61.45,3,0.1133,0.9576,-94.45,0.3291,0.9,-96.64,0.2233,0.9643,-2.29,DRIVE
61.5,3,0.1133,0.9576,-94.45,0.3259,0.8735,-96.85,0.2286,0.9643,-2.29,DRIVE
61.55,3,0.1133,0.9576,-94.45,0.3211,0.8348,-97.15,0.2414,0.9643,-2.29,DRIVE
61.6,3,0.1061,0.8784,-95.12,0.3161,0.7965,-97.44,0.2255,0.8848,-1.76,DRIVE
61.65,3,0.1061,0.8784,-95.12,0.3128,0.7709,-97.63,0.2329,0.8848,-1.76,DRIVE
61.7,3,0.1025,0.7971,-95.75,0.3077,0.7344,-97.88,0.2146,0.8037,-1.58,DRIVE
61.75,3,0.1025,0.7971,-95.75,0.3044,0.7109,-98.04,0.2196,0.8037,-1.58,DRIVE
61.8,3,0.0944,0.7216,-96.33,0.2996,0.6776,-98.26,0.2099,0.7278,-1.12,DRIVE
61.85,3,0.0944,0.7216,-96.33,0.2965,0.6563,-98.4,0.2124,0.7278,-1.12,DRIVE
61.9,3,0.0893,0.6496,-96.82,0.292,0.6261,-98.59,0.2041,0.6557,-1.01,DRIVE
61.95,3,0.0893,0.6496,-96.82,0.292,0.6261,-98.59,0.2041,0.6557,-1.01,DRIVE
62.0,3,0.0893,0.6496,-96.82,0.289,0.6068,-98.7,0.2043,0.6557,-1.01,DRIVE
62.05,3,0.0812,0.5854,-97.24,0.2848,0.5796,-98.87,0.2037,0.591,-0.66,DRIVE
62.1,3,0.0812,0.5854,-97.24,0.2848,0.5796,-98.87,0.2037,0.591,-0.66,DRIVE
62.15,3,0.0812,0.5854,-97.24,0.2807,0.5538,-99.01,0.202,0.591,-0.66,DRIVE
62.2,3,0.0812,0.5854,-97.24,0.2782,0.5377,-99.1,0.2026,0.591,-0.66,DRIVE
62.25,3,0.0748,0.5295,-97.58,0.2744,0.5143,-99.23,0.2001,0.5348,-0.46,DRIVE
62.3,3,0.0748,0.5295,-97.58,0.2705,0.4909,-99.35,0.1995,0.5348,-0.46,DRIVE
62.35,3,0.0691,0.4788,-97.86,0.2669,0.4689,-99.46,0.1981,0.4838,-0.34,DRIVE
62.4,3,0.0691,0.4788,-97.86,0.2645,0.4548,-99.53,0.1969,0.4838,-0.34,DRIVE
62.45,3,0.0691,0.4788,-97.86,0.2612,0.4349,-99.62,0.1971,0.4838,-0.34,DRIVE
62.5,3,0.0617,0.4322,-98.11,0.2579,0.4157,-99.71,0.1968,0.4366,-0.02,DRIVE
62.55,3,0.0617,0.4322,-98.11,0.2557,0.403,-99.77,0.1961,0.4366,-0.02,DRIVE
62.6,3,0.0562,0.3919,-98.32,0.2557,0.403,-99.77,0.1998,0.3959,0.15,DRIVE
62.65,3,0.0562,0.3919,-98.32,0.2536,0.3909,-99.82,0.1974,0.3959,0.15,DRIVE
62.702,3,0.052,0.3514,-98.5,0.2507,0.3742,-99.89,0.2,0.3552,0.08,DRIVE
62.75,3,0.052,0.3514,-98.5,0.248,0.3587,-99.95,0.1961,0.3552,0.08,DRIVE
62.8,3,0.052,0.3514,-98.5,0.2455,0.3445,-100.0,0.1936,0.3552,0.08,DRIVE
62.85,3,0.052,0.3514,-98.5,0.243,0.3304,-100.05,0.1921,0.3552,0.08,DRIVE
62.9,3,0.052,0.3514,-98.5,0.2413,0.3211,-100.08,0.1917,0.3552,0.08,DRIVE
62.95,3,0.0437,0.2884,-98.75,0.2388,0.307,-100.13,0.196,0.2917,0.13,DRIVE
63.0,3,0.0437,0.2884,-98.75,0.2363,0.2932,-100.17,0.1927,0.2917,0.13,DRIVE
63.05,3,0.0437,0.2884,-98.75,0.2349,0.2851,-100.2,0.1912,0.2917,0.13,DRIVE
63.1,3,0.0386,0.2603,-98.85,0.2335,0.2774,-100.22,0.1956,0.2631,0.42,DRIVE
63.15,3,0.0386,0.2603,-98.85,0.2335,0.2774,-100.22,0.1956,0.2631,0.42,DRIVE
63.2,3,0.0343,0.234,-98.93,0.2314,0.266,-100.25,0.1997,0.2365,0.6,DRIVE
