"ADAPTIVE_THRESHOLD_SIGMA","ESTIMATED_OBSERVATION_RADIUS","ESTIMATED_SENSOR_MAX_RANGE","ICP_ITERATION","INSTANTANEOUS_OBSERVATION_RADIUS","INSTANTANEOUS_SENSOR_MAX_RANGE","SENSOR_TIME_OFFSET","current_relative_timestamp","icp_iterations","icp_quality","robot_pitch","robot_roll","robot_x","robot_y","robot_yaw","robot_z","time_onLidar","timestamp","twistCorrectionCount","vx","vy","vz","wx","wy","wz",
0.200000,23.642967,23.642967,0.000000,20.000000,20.000000,0.000000,0.000000,0.000000,0.000000,0.000000,0.000000,0.000000,0.000000,0.000000,0.000000,0.000000,910.400000,0.000000,0.000000,0.000000,0.000000,0.000000,0.000000,0.000000,
0.200000,23.642675,23.642675,1.000000,23.637127,23.637127,0.000000,0.100000,1.000000,0.976800,-0.000108,0.000070,0.000365,0.000123,-0.000059,-0.000464,0.011609,910.500000,0.000000,0.000000,0.000000,0.000000,0.000000,0.000000,0.000000,
0.197500,23.642287,23.642287,1.000000,23.634916,23.634916,0.000000,0.200000,1.000000,0.998400,-0.000108,0.000070,0.000365,0.000123,-0.000059,-0.000464,0.011698,910.600000,0.000000,0.000000,0.000000,0.000000,0.000000,0.000000,0.000000,
0.195000,23.642017,23.642017,0.000000,23.636879,23.636879,0.000000,0.300000,0.000000,0.997200,-0.000338,-0.000089,0.001111,-0.000319,-0.000031,-0.000866,0.012075,910.700000,0.000000,0.000000,0.000000,0.000000,0.000000,0.000000,0.000000,
0.192500,23.641754,23.641754,1.000000,23.636765,23.636765,0.000000,0.400000,1.000000,0.996800,-0.000004,0.000035,0.000812,-0.000081,-0.000025,-0.000157,0.007316,910.800000,0.000000,0.000000,0.000000,0.000000,0.000000,0.000000,0.000000,
0.190000,23.640142,23.640142,1.000000,23.609510,23.609510,0.000000,0.500000,1.000000,0.997200,-0.000234,0.000076,0.000429,-0.000176,-0.000066,-0.000644,0.009429,910.900000,0.000000,0.000000,0.000000,0.000000,0.000000,0.000000,0.000000,
0.187500,23.639945,23.639945,0.000000,23.636209,23.636209,0.000000,0.600000,0.000000,0.996800,-0.000098,0.000043,0.001231,0.000094,-0.000065,-0.000330,0.010704,911.000000,0.000000,0.000000,0.000000,0.000000,0.000000,0.000000,0.000000,
0.185000,23.637742,23.637742,0.000000,23.595871,23.595871,0.000000,0.700000,0.000000,0.995200,-0.000052,0.000026,0.000876,-0.000063,-0.000045,-0.000476,0.009455,911.100000,0.000000,0.000000,0.000000,0.000000,0.000000,0.000000,0.000000,
0.182500,23.637521,23.637521,1.000000,23.633324,23.633324,0.000000,0.800000,1.000000,0.996800,-0.000019,0.000051,0.000950,0.000106,-0.000050,-0.000179,0.009954,911.200000,0.000000,0.001460,-0.000105,-0.000794,0.000044,-0.000087,-0.000076,
0.180000,23.637448,23.637448,1.000000,23.636074,23.636074,0.000000,0.900000,1.000000,0.995600,-0.000155,0.000080,0.001355,-0.000018,-0.000055,-0.000546,0.008882,911.300000,0.000000,0.001440,-0.000056,-0.000690,0.000145,0.000127,-0.000059,
0.177500,23.637491,23.637491,0.000000,23.638302,23.638302,0.000000,1.100000,0.000000,0.993600,-0.000266,0.000072,0.001589,-0.000062,-0.000076,-0.000719,0.009938,911.500000,0.000000,0.001511,-0.000088,-0.000771,0.000233,-0.000764,-0.000055,
0.175000,23.637141,23.637141,0.000000,23.630487,23.630487,0.000000,1.200000,0.000000,0.993200,-0.000091,0.000014,0.001974,0.000036,-0.000073,-0.000433,0.008090,911.600000,0.000000,0.001533,-0.000097,-0.000797,0.000039,-0.000983,-0.000151,
0.172500,23.636488,23.636488,0.000000,23.624075,23.624075,0.000000,1.400000,0.000000,0.991600,-0.000059,0.000059,0.002149,0.000120,-0.000087,-0.000140,0.006817,911.800000,0.000000,0.001573,-0.000037,-0.000570,-0.000270,0.000782,0.000007,
0.170000,23.636276,23.636276,1.000000,23.632256,23.632256,0.000000,1.500000,1.000000,0.988400,-0.000093,0.000014,0.002229,-0.000194,-0.000069,-0.000195,0.008152,911.900000,0.000000,0.001577,-0.000015,-0.000482,0.000130,0.000526,-0.000076,
0.167500,23.635965,23.635965,0.000000,23.630064,23.630064,0.000000,1.600000,0.000000,0.994400,-0.000292,-0.000069,0.002371,0.000014,-0.000094,-0.000580,0.012015,912.000000,0.000000,0.001463,-0.000166,-0.000462,-0.000211,-0.000133,0.000083,
0.165000,23.635917,23.635917,1.000000,23.635002,23.635002,0.000000,1.700000,1.000000,0.990400,0.000031,0.000062,0.001884,0.000355,-0.000129,-0.000014,0.008293,912.100000,0.000000,0.001462,-0.000112,-0.000543,-0.000551,-0.001163,-0.000102,
0.162500,23.631785,23.631785,0.000000,23.553272,23.553272,0.000000,1.800000,0.000000,0.994000,-0.000133,0.000068,0.002014,0.000020,-0.000107,-0.000432,0.008255,912.200000,0.000000,0.001311,-0.000028,-0.000395,0.000584,0.001510,-0.000256,
0.160000,23.631796,23.631796,0.000000,23.632011,23.632011,0.000000,1.900000,0.000000,0.988800,-0.000031,0.000049,0.002469,-0.000220,-0.000103,-0.000218,0.009268,912.300000,0.000000,0.001311,-0.000106,-0.000485,0.000259,-0.000432,0.000041,
0.157500,23.631781,23.631781,0.000000,23.631487,23.631487,0.000000,2.000000,0.000000,0.988000,-0.000016,0.000015,0.001807,-0.000060,-0.000128,-0.000134,0.008374,912.400000,0.000000,0.001387,-0.000160,-0.000423,-0.000018,0.000463,0.000041,
0.155000,23.632000,23.632000,1.000000,23.636173,23.636173,0.000000,2.100000,1.000000,0.991600,-0.000054,0.000048,0.002780,0.000144,-0.000114,-0.000185,0.006898,912.500000,0.000000,0.001201,-0.000119,-0.000394,-0.000219,0.000275,-0.000140,
0.152500,23.631947,23.631947,0.000000,23.630939,23.630939,0.000000,2.200000,0.000000,0.990000,-0.000130,0.000082,0.003236,-0.000148,-0.000110,-0.000331,0.007311,912.600000,0.000000,0.001398,-0.000069,-0.000396,0.000119,-0.000132,0.000031,
0.150000,23.631911,23.631911,1.000000,23.631224,23.631224,0.000000,2.300000,1.000000,0.982800,-0.000055,0.000055,0.002950,0.000077,-0.000148,-0.000045,0.006915,912.700000,0.000000,0.001471,-0.000135,-0.000421,0.000256,-0.000517,0.000038,
0.147500,23.630342,23.630342,0.000000,23.600517,23.600517,0.000000,2.400000,0.000000,0.989200,-0.000117,0.000064,0.003428,0.000110,-0.000147,-0.000310,0.008417,912.800000,0.000000,0.001372,-0.000080,-0.000346,-0.000070,0.000266,-0.000220,
0.145000,23.630522,23.630522,1.000000,23.633949,23.633949,0.000000,2.500000,1.000000,0.981600,-0.000047,0.000080,0.003319,0.000232,-0.000151,-0.000356,0.007179,912.900000,0.000000,0.001449,-0.000071,-0.000398,0.000034,-0.000285,-0.000081,
0.142500,23.630687,23.630687,0.000000,23.633821,23.633821,0.000000,2.600000,0.000000,0.984400,0.000171,0.000104,0.002543,0.000001,-0.000152,0.000143,0.009701,913.000000,0.000000,0.001392,-0.000042,-0.000400,0.000107,0.000325,-0.000050,
0.140000,23.630837,23.630837,1.000000,23.633692,23.633692,0.000000,2.700000,1.000000,0.983200,-0.000004,-0.000001,0.002839,-0.000190,-0.000142,-0.000339,0.006948,913.100000,0.000000,0.001186,-0.000093,-0.000278,0.000191,0.001473,-0.000031,
0.137500,23.630835,23.630835,1.000000,23.630789,23.630789,0.000000,2.800000,1.000000,0.978000,-0.000142,0.000037,0.003276,0.000001,-0.000164,-0.000372,0.011316,913.200000,0.000000,0.001226,-0.000134,-0.000380,-0.000577,-0.000519,0.000053,
0.135000,23.630847,23.630847,1.000000,23.631083,23.631083,0.000000,2.900000,1.000000,0.978800,-0.000246,-0.000039,0.003177,-0.000286,-0.000169,-0.000650,0.009732,913.300000,0.000000,0.001296,-0.000088,-0.000379,0.000019,-0.001052,-0.000113,
0.132500,23.630807,23.630807,0.000000,23.630043,23.630043,0.000000,3.000000,0.000000,0.972400,-0.000218,-0.000002,0.003567,-0.000057,-0.000184,-0.000699,0.007170,913.400000,0.000000,0.001245,-0.000150,-0.000432,-0.000465,-0.001043,-0.000077,
0.130000,23.631080,23.631080,1.000000,23.636265,23.636265,0.000000,3.100000,1.000000,0.976000,-0.000077,0.000030,0.003202,0.000102,-0.000166,-0.000068,0.011549,913.500000,0.000000,0.001304,-0.000096,-0.000434,0.000053,-0.000230,-0.000119,
0.127500,23.631334,23.631334,0.000000,23.636156,23.636156,0.000000,3.200000,0.000000,0.969600,0.000020,0.000115,0.003999,-0.000020,-0.000151,-0.000171,0.009379,913.600000,0.000000,0.001195,-0.000059,-0.000285,0.000213,0.000786,0.000062,
0.125000,23.631473,23.631473,0.000000,23.634127,23.634127,0.000000,3.300000,0.000000,0.960000,0.000001,0.000065,0.003746,0.000121,-0.000185,-0.000022,0.008778,913.700000,0.000000,0.001343,-0.000084,-0.000302,0.000608,0.000900,0.000119,
0.122500,23.631359,23.631359,0.000000,23.629185,23.629185,0.000000,3.400000,0.000000,0.951200,-0.000005,-0.000002,0.003812,-0.000122,-0.000161,0.000005,0.009076,913.800000,0.000000,0.001259,-0.000051,-0.000262,-0.000078,0.000224,-0.000165,
0.120000,23.631566,23.631566,1.000000,23.635504,23.635504,0.000000,3.500000,1.000000,0.951600,-0.000087,0.000024,0.003884,-0.000182,-0.000155,-0.000425,0.006935,913.900000,0.000000,0.001246,-0.000103,-0.000251,-0.000439,0.000049,0.000084,
0.117500,23.631692,23.631692,1.000000,23.634092,23.634092,0.000000,3.600000,1.000000,0.953600,-0.000232,0.000081,0.004639,0.000101,-0.000212,-0.000788,0.007229,914.000000,0.000000,0.001234,-0.000114,-0.000338,-0.000008,-0.000491,0.000070,
0.115000,23.631808,23.631808,0.000000,23.634003,23.634003,0.000000,3.800000,0.000000,0.942400,-0.000081,0.000027,0.004165,-0.000076,-0.000192,-0.000241,0.009254,914.200000,0.000000,0.001371,-0.000050,-0.000410,0.000350,-0.001084,-0.000325,
0.112500,23.631913,23.631913,1.000000,23.633909,23.633909,0.000000,3.900000,1.000000,0.948000,-0.000089,0.000030,0.004666,-0.000282,-0.000175,-0.000322,0.006903,914.300000,0.000000,0.001239,-0.000087,-0.000283,-0.000206,0.000523,-0.000004,
0.110000,23.631908,23.631908,1.000000,23.631807,23.631807,0.000000,4.100000,1.000000,0.947600,0.000034,0.000075,0.004198,0.000076,-0.000230,-0.000154,0.007747,914.500000,0.000000,0.001346,-0.000167,-0.000294,0.000006,-0.000010,0.000081,
0.107500,23.628336,23.628336,1.000000,23.560480,23.560480,0.000000,4.200000,1.000000,0.946800,-0.000163,-0.000015,0.005323,0.000153,-0.000234,-0.000244,0.009218,914.600000,0.000000,0.001219,-0.000088,-0.000252,0.000254,0.000671,-0.000267,
0.105000,23.624364,23.624364,1.000000,23.548891,23.548891,0.000000,4.300000,1.000000,0.939200,-0.000069,0.000072,0.005067,0.000218,-0.000225,-0.000090,0.008990,914.700000,0.000000,0.001586,-0.000049,-0.000268,-0.000416,-0.000896,-0.000034,
0.102500,23.624616,23.624616,1.000000,23.629398,23.629398,0.000000,4.400000,1.000000,0.938400,-0.000244,0.000026,0.005539,0.000048,-0.000246,-0.000641,0.009070,914.800000,0.000000,0.001500,-0.000034,-0.000231,0.000295,0.000120,0.000039,
0.100000,23.621400,23.621400,0.000000,23.560293,23.560293,0.000000,4.500000,0.000000,0.927200,-0.000095,0.000131,0.005013,0.000187,-0.000224,-0.000347,0.010565,914.900000,0.000000,0.001567,-0.000069,-0.000340,-0.000162,-0.001020,-0.000114,
0.097500,23.621784,23.621784,1.000000,23.629087,23.629087,0.000000,4.600000,1.000000,0.931200,-0.000071,0.000016,0.005564,-0.000100,-0.000223,-0.000194,0.007074,915.000000,0.000000,0.001425,-0.000038,-0.000272,0.000583,0.000526,0.000092,
0.095000,23.622237,23.622237,1.000000,23.630852,23.630852,0.000000,4.700000,1.000000,0.908400,-0.000086,0.000157,0.005258,0.000415,-0.000257,0.000017,0.010059,915.100000,0.000000,0.001510,-0.000097,-0.000235,-0.000485,0.000352,0.000042,
0.092500,23.622573,23.622573,0.000000,23.628950,23.628950,0.000000,4.800000,0.000000,0.904400,-0.000157,0.000044,0.005369,-0.000049,-0.000249,-0.000277,0.009824,915.200000,0.000000,0.001415,0.000011,-0.000187,0.000685,0.000044,-0.000196,
0.090000,23.620459,23.620459,1.000000,23.580292,23.580292,0.000000,5.000000,1.000000,0.908000,-0.000061,0.000049,0.005549,0.000136,-0.000254,-0.000139,0.007846,915.400000,0.000000,0.001409,-0.000084,-0.000243,-0.000440,-0.000425,-0.000026,
0.087500,23.619305,23.619305,0.000000,23.597376,23.597376,0.000000,5.100000,0.000000,0.882000,-0.000110,0.000057,0.005166,0.000179,-0.000277,-0.000271,0.007134,915.500000,0.000000,0.001417,-0.000045,-0.000210,-0.000136,0.000431,-0.000038,
0.085000,23.619984,23.619984,0.000000,23.632887,23.632887,0.000000,5.200000,0.000000,0.882000,-0.000068,0.000033,0.005657,0.000029,-0.000228,-0.000192,0.009301,915.600000,0.000000,0.001146,-0.000023,-0.000247,0.000030,-0.000211,-0.000111,
0.082500,23.618845,23.618845,1.000000,23.597198,23.597198,0.000000,5.300000,1.000000,0.865200,-0.000026,0.000059,0.005266,0.000045,-0.000281,-0.000225,0.008534,915.700000,0.000000,0.001223,-0.000054,-0.000226,-0.000117,0.000141,0.000218,
0.080000,23.619209,23.619209,1.000000,23.626129,23.626129,0.000000,5.400000,1.000000,0.859200,0.000013,0.000108,0.005740,0.000274,-0.000290,0.000098,0.006802,915.800000,0.000000,0.001118,-0.000049,-0.000228,0.000112,0.000309,-0.000232,
0.077500,23.619544,23.619544,1.000000,23.625917,23.625917,0.000000,5.500000,1.000000,0.853600,-0.000111,0.000026,0.005876,-0.000072,-0.000288,-0.000157,0.008630,915.900000,0.000000,0.001192,-0.000002,-0.000158,0.000347,0.000357,-0.000149,
0.075000,23.620050,23.620050,1.000000,23.629660,23.629660,0.000000,5.600000,1.000000,0.814800,-0.000160,0.000062,0.006769,0.000296,-0.000320,-0.000455,0.007186,916.000000,0.000000,0.001195,-0.000072,-0.000206,-0.000377,-0.000627,-0.000045,
0.072500,23.618874,23.618874,1.000000,23.596527,23.596527,0.000000,5.700000,1.000000,0.836800,-0.000110,0.000013,0.005952,0.000073,-0.000301,-0.000291,0.006551,916.100000,0.000000,0.001352,0.000004,-0.000262,0.000082,-0.000545,-0.000212,
0.070000,23.619551,23.619551,1.000000,23.632408,23.632408,0.000000,5.800000,1.000000,0.800000,-0.000180,0.000015,0.006565,0.000084,-0.000313,-0.000388,0.007452,916.200000,0.000000,0.001159,-0.000041,-0.000224,-0.000272,0.000106,0.000033,
0.067500,23.619577,23.619577,1.000000,23.620087,23.620087,0.000000,5.900000,1.000000,0.759200,-0.000140,0.000012,0.006528,0.000036,-0.000316,-0.000267,0.007621,916.300000,0.000000,0.001260,-0.000038,-0.000239,-0.000091,-0.000398,-0.000060,
0.065000,23.619597,23.619597,0.000000,23.619970,23.619970,0.000000,6.000000,0.000000,0.765200,-0.000100,0.000006,0.006721,-0.000203,-0.000299,-0.000288,0.007366,916.400000,0.000000,0.001227,-0.000047,-0.000210,-0.000053,0.000097,-0.000039,
0.062500,23.619489,23.619489,0.000000,23.617430,23.617430,0.000000,6.100000,0.000000,0.725600,-0.000060,0.000046,0.006725,0.000026,-0.000324,-0.000410,0.009623,916.500000,0.000000,0.001241,-0.000094,-0.000210,-0.000060,0.000287,0.000088,
0.060000,23.619838,23.619838,0.000000,23.626474,23.626474,0.000000,6.200000,0.000000,0.682000,-0.000023,0.000021,0.006720,0.000074,-0.000329,-0.000188,0.007115,916.600000,0.000000,0.001217,-0.000046,-0.000230,0.000225,0.000354,-0.000120,
0.057500,23.620164,23.620164,3.000000,23.626356,23.626356,0.000000,6.300000,3.000000,0.707600,-0.000092,-0.000000,0.007043,-0.000008,-0.000328,-0.000332,0.007864,916.700000,0.000000,0.069923,-0.168126,0.209601,0.000185,0.003764,-0.141484,
0.055000,23.631788,23.631788,4.000000,23.852650,23.852650,0.000000,6.400000,4.000000,0.676400,0.000316,0.000438,0.010959,-0.025376,-0.015852,0.020623,0.011342,916.800000,0.000000,0.001232,-0.000051,-0.000206,-0.000159,-0.000285,-0.000024,
0.052500,23.644398,23.644398,3.000000,23.883980,23.883980,0.000000,6.500000,3.000000,0.629200,0.000052,0.000078,0.025680,-0.048270,-0.016411,0.037482,0.009107,916.900000,0.000000,0.001998,-0.005156,0.004016,0.002657,0.002387,-0.095953,
0.050000,23.657295,23.657295,3.000000,23.902348,23.902348,0.000000,6.600000,3.000000,0.616000,0.000161,0.000288,0.039514,-0.071892,-0.015980,0.052480,0.007361,917.000000,0.000000,0.004990,-0.009609,0.007330,-0.001208,-0.000719,-0.040102,
0.047500,23.669700,23.669700,4.000000,23.905384,23.905384,0.000000,6.700000,4.000000,0.616800,0.000213,-0.000121,0.058138,-0.095233,-0.015813,0.063451,0.010734,917.100000,0.000000,0.007749,-0.014118,0.010198,0.000838,0.000402,-0.012654,
0.045000,23.680929,23.680929,4.000000,23.894289,23.894289,0.000000,6.800000,4.000000,0.575600,0.001020,0.000075,0.082654,-0.115187,-0.016797,0.079837,0.008694,917.200000,0.000000,0.011409,-0.018463,0.012199,-0.002210,0.000476,-0.003802,
0.042500,23.692895,23.692895,5.000000,23.920248,23.920248,0.000000,6.900000,5.000000,0.513600,0.000137,-0.000036,0.172750,-0.156997,-0.019043,0.107857,0.008008,917.300000,0.000000,0.016165,-0.022021,0.015245,0.000372,0.005167,-0.007534,
0.040000,23.703842,23.703842,10.000000,23.911831,23.911831,0.000000,7.000000,10.000000,0.582400,0.000137,-0.000036,0.172750,-0.156997,-0.019043,0.107857,0.009184,917.400000,0.000000,0.021924,-0.025394,0.017652,-0.003125,0.001162,-0.011906,
0.040000,23.712756,23.712756,25.000000,23.882118,23.882118,0.000000,7.100000,25.000000,0.240800,0.002068,-0.000617,0.341985,-0.189449,-0.019780,-0.040236,0.018156,917.500000,0.000000,0.033615,-0.029137,0.020223,0.001396,-0.004198,-0.009404,
0.042500,23.718760,23.718760,